tree
version=v4
num_class=1
num_tree_per_iteration=1
label_index=0
max_feature_idx=35
objective=huber
feature_names=Column_0 Column_1 Column_2 Column_3 Column_4 Column_5 Column_6 Column_7 Column_8 Column_9 Column_10 Column_11 Column_12 Column_13 Column_14 Column_15 Column_16 Column_17 Column_18 Column_19 Column_20 Column_21 Column_22 Column_23 Column_24 Column_25 Column_26 Column_27 Column_28 Column_29 Column_30 Column_31 Column_32 Column_33 Column_34 Column_35
feature_infos=[-4.772148609161377:3.7076983451843262] [-1.475736141204834:5] [-2.7137844562530518:4.2365474700927734] [-3.6748003959655762:4.3046574592590332] [-3.2057099342346191:2.4201254844665527] [-4.4611740112304688:1.6675131320953369] [-1.5362453460693359:5] [-1.882587194442749:5] [-3.2272982597351074:4.5803680419921875] [-1.4293720722198486:4.6310019493103027] [-2.461076021194458:4.1021614074707031] [-3.7716283798217773:4.1881794929504395] [-4.5120749473571777:4.3514065742492676] [-5:3.952214241027832] [-4.3589754104614258:4.2809195518493652] [-4.5817999839782715:3.9379298686981201] [-1.5087684392929077:4.5030574798583984] [-4.6905627250671387:5] [-3.8361082077026367:4.712489128112793] [-4.1589198112487793:5] [-4.2636232376098633:4.8585705757141113] [-5:5] [-4.4266576766967773:5] [-4.120689868927002:4.0074014663696289] [-4.1543960571289062:4.912299633026123] [-4.3353781700134277:4.4829421043395996] [-4.979682445526123:5] [-4.7462363243103027:4.1248250007629395] [-1.7363945245742798:5] [-4.5682706832885742:4.1949911117553711] [-3.0788965225219727:3.5927915573120117] [-1.6859409809112549:5] [-1.7507219314575195:4.9063873291015625] [-1.5099276304244995:4.5184698104858398] [-2.6158514022827148:4.7022509574890137] [-2.0935070514678955:5]
tree_sizes=3019 3072 3021 2748 3049 3029 2761 3000 3036 2829 3040 2836 2761 2370 2548 2960 3020 3048 2683 3034 3042 3026 2926 3044 3034 3047 3059 2764 2561 3057 3075 2944 3032 2551 2572 2569 2942 2870 3088 3038 2590 2663 2295 2956 2567 2975 3051 2861 3046 3067 2685 2137 2129 1742 2871 3047 2748 2693

Tree=0
num_leaves=31
num_cat=0
split_feature=6 4 5 15 16 5 6 15 4 13 16 0 30 15 31 0 10 13 27 16 16 31 15 5 29 16 16 29 13 3
split_gain=14.7954 5.10766 3.24458 2.67559 2.7372 2.13016 1.9464 1.8101 1.74784 1.89555 1.74061 1.71297 3.60693 3.49024 1.58744 1.48306 0.97979 0.958517 0.9052 0.898123 0.711967 0.512041 0.473927 0.436341 0.456861 0.419625 0.322903 0.208483 0.153554 0.140502
threshold=3.6467404365539555 0.48918119072914129 -1.2815805077552793 2.6128984689712529 2.9097304344177251 1.2329552769660952 2.4816184043884282 -0.50751006603240956 0.1750370338559151 -2.8126177787780757 2.2173451185226445 -3.1437351703643794 -1.7484287619590757 -3.2031605243682857 0.17093551903963092 -1.0840252637863157 -0.40586417913436884 1.3911914229393008 1.1087797284126284 1.5199371576309206 3.5899791717529301 -0.37026040256023401 2.1318498849868779 1.411615312099457 0.10628532245755197 0.76153448224067699 -0.89161154627799977 -0.057245856150984757 0.58560660481452953 1.5882379412651064
decision_type=2 2 2 2 2 2 2 2 2 2 2 2 2 2 2 2 2 2 2 2 2 2 2 2 2 2 2 2 2 2
left_child=5 2 -2 4 -3 6 7 11 9 -9 -10 12 -1 -13 -4 -8 25 22 26 -18 -19 23 -16 24 -20 -17 27 -7 -28 -30
right_child=1 3 14 -5 -6 18 15 8 10 -11 -12 13 -14 -15 17 16 19 20 21 -21 -22 -23 -24 -25 -26 -27 28 -29 29 -31
leaf_value=-0.0018405718185364474 0.0040776988282128189 0.0025966608163473467 -0.0012375190568459059 0.001488900228945243 0.0063680236200498973 -0.0012206512476295873 0.003157148803977093 -0.0018334797605213875 -1.804089977103319e-05 -0.00019427890639296607 0.0011531403871681877 -0.0022900654096062751 0.0028618212190505421 0.00010512877815421638 0.0025575878209052991 0.0005333903076536182 0.00077986136220407724 0.00085106998793155349 -0.002005673914889301 -0.00045655318116235487 -0.0011283522875778051 -0.00051238993291012136 0.0011066444233615951 -0.0024708585006094422 -0.00066788286991053517 0.0020798818468429963 0.00079799214067203356 -0.00025164338654710944 -0.00037216039399281316 0.00043511371193119623
leaf_weight=200 294 326 309 357 394 387 205 636 73917 67652 1155 548 519 55535 402 253 1164 752 382 961 204 669 431 335 585 436 205 414 582 285
leaf_count=200 294 326 309 357 394 387 205 636 73917 67652 1155 548 519 55535 402 253 1164 752 382 961 204 669 431 335 585 436 205 414 582 285
internal_value=-1.23196e-05 0.00192926 0.0011526 0.00364087 0.00469019 -4.48997e-05 -3.16544e-05 -4.30664e-05 -9.98529e-05 -0.000209678 5.42964e-08 0.00010025 0.00155018 8.15237e-05 0.000733952 0.000723771 0.000541195 0.00107694 -0.000744062 0.000220977 0.000425065 -0.00119207 0.001818 -0.00153805 -0.0012039 0.00152002 -0.000270724 -0.000724418 7.00177e-05 -0.000105759
internal_weight=210494 3469 2392 1077 720 207025 203181 200162 143360 68288 75072 56802 719 56083 2098 3019 2814 1789 3844 2125 956 1971 833 1302 967 689 1873 801 1072 867
internal_count=210494 3469 2392 1077 720 207025 203181 200162 143360 68288 75072 56802 719 56083 2098 3019 2814 1789 3844 2125 956 1971 833 1302 967 689 1873 801 1072 867
is_linear=0
shrinkage=1


Tree=1
num_leaves=31
num_cat=0
split_feature=2 15 16 0 15 31 10 9 2 16 12 7 2 33 33 0 10 7 15 0 9 27 0 27 27 2 27 11 16 0
split_gain=7.01027 3.41362 8.08501 3.63975 2.94116 2.17108 1.80129 2.33086 1.82641 1.349 1.63679 1.33788 1.27257 1.28171 1.09881 1.08648 0.882857 0.872999 0.906562 0.875342 0.777419 0.931538 0.76875 0.744866 0.705606 0.664206 0.62163 0.591834 0.523843 0.472118
threshold=0.96616512537002575 -3.2031605243682857 3.076195597648621 -2.852332234382629 -1.8056654930114744 2.9041724205017094 1.4282682538032534 3.2932053804397587 2.2105658054351811 0.95863041281700145 -0.10109461471438407 2.6278800964355473 -1.4440836906433103 1.8837568163871767 -0.30012361705303187 0.56476277112960827 -0.71628490090370167 -0.36238184571266169 -0.66139525175094593 -2.3737437725067134 0.039638392627239234 -0.56212824583053578 -2.0643754005432124 -0.15290699154138562 0.22181811183691028 0.17717323452234271 0.55923995375633251 -2.6019443273544307 2.6631938219070439 0.9263836443424226
decision_type=2 2 2 2 2 2 2 2 2 2 2 2 2 2 2 2 2 2 2 2 2 2 2 2 2 2 2 2 2 2
left_child=12 3 9 -2 5 -4 8 -8 -6 22 16 -5 13 14 20 -12 -11 26 27 -20 21 -1 -3 -24 -16 -21 -14 -19 -29 -26
right_child=1 2 4 11 6 -7 7 -9 -10 10 15 -13 17 -15 24 -17 -18 18 19 25 -22 -23 23 -25 29 -27 -28 28 -30 -31
leaf_value=0.00017771185232736685 0.0011555389891725507 -0.0010015593541483766 -0.0013351611412766825 -0.0017133630451056556 0.0015700075295430951 0.0019893613173412182 0.0030839526061310321 -0.0010108444218635967 0.0036381961345717524 0.00077079486146126224 0.00095984511535736924 -0.005157372201188214 0.00010822521912062919 -0.002367453115514285 -0.00021821848649730504 0.00019362019420286549 -5.7382702426598102e-05 0.0011251901777192242 -0.0014108393206872761 -0.00018070052001925175 -0.0022991891325808951 -0.0006275512460754833 0.00038742819702948609 -6.117262906976571e-05 0.0021666490857747988 -1.2505304604844418e-05 -0.00023145816447347413 6.1613647422966157e-05 -0.0011754911640981353 0.00053132375956637876
leaf_weight=1653 246 558 367 215 597 332 226 269 1138 1499 6431 201 36483 286 1008 2251 5040 461 477 69025 206 5899 5793 7827 212 30454 5587 24414 307 613
leaf_count=1653 246 558 367 215 597 332 226 269 1138 1499 6431 201 36483 286 1008 2251 5040 461 477 69025 206 5899 5793 7827 212 30454 5587 24414 307 613
internal_value=1.23598e-07 0.000401604 0.000445373 -0.00172312 0.00194709 0.000246782 0.00247831 0.000870843 0.00293311 0.000295452 0.000491538 -0.0034189 -7.46793e-05 -0.000405486 -0.000345777 0.00076141 0.000132913 -5.5127e-05 -9.48719e-05 -0.0001354 -0.000501809 -0.000451292 8.48429e-05 0.000129703 0.000314182 -0.000129213 6.30923e-05 6.59915e-05 4.6016e-05 0.000962073
internal_weight=210075 32990 32328 662 2929 699 2230 495 1735 29399 15221 416 177085 9877 9591 8682 6539 167208 125138 99956 7758 7552 14178 13620 1833 99479 42070 25182 24721 825
internal_count=210075 32990 32328 662 2929 699 2230 495 1735 29399 15221 416 177085 9877 9591 8682 6539 167208 125138 99956 7758 7552 14178 13620 1833 99479 42070 25182 24721 825
is_linear=0
shrinkage=0.03


Tree=2
num_leaves=31
num_cat=0
split_feature=6 2 11 2 4 23 0 0 5 6 27 30 28 32 6 32 32 29 28 6 4 11 29 5 28 29 27 29 23 5
split_gain=12.9756 5.20815 5.05604 2.99894 2.40673 2.90872 3.81809 2.63603 1.92574 1.68331 1.93961 1.41245 1.33082 1.28318 1.24992 1.14994 1.08791 1.08347 1.03146 0.948084 0.883777 0.84796 0.722031 0.70893 0.69247 0.861907 0.572629 0.595319 0.555989 0.429866
threshold=3.9919699430465703 1.8802700638771059 2.2482327222824101 0.84157210588455211 -0.61523950099945057 -3.247793316841125 -2.852332234382629 -0.70097628235816944 1.2329552769660952 2.9506320953369145 0.61150744557380687 -1.8983290791511533 -0.85206860303878773 2.6721674203872685 1.6826185584068301 3.0562978982925419 2.2987878322601323 0.54875722527503978 -0.32835420966148371 4.9997210502624521 0.41680821776390081 -2.6019443273544307 0.83956876397132885 -0.2225048020482063 0.021083980798721317 1.5737495422363283 1.016443729400635 -0.025075543671846386 2.2996054887771611 1.084774434566498
decision_type=2 2 2 2 2 2 2 2 2 2 2 2 2 2 2 2 2 2 2 2 2 2 2 2 2 2 2 2 2 2
left_child=3 13 -3 8 7 6 -6 16 14 11 -11 -7 -10 19 20 17 -5 -4 28 29 21 -1 -20 -17 -9 -26 -14 -28 -16 -2
right_child=1 2 15 4 5 9 -8 24 12 10 -12 -13 26 -15 18 23 -18 -19 22 -21 -22 -23 -24 -25 25 -27 27 -29 -30 -31
leaf_value=0.0011560488809900919 0.0020523601802444032 0.0063556750060245392 0.0017879329770850967 0.0018894186464371158 0.00027651026527024072 -0.0013894970908086355 -0.0049127769482580847 0.0015220782054044927 -0.0030119748545037023 0.0037241052092905455 0.0006399121362112277 0.00018912614547161305 -0.00017876018469253216 -0.001354549957668496 0.0010801524878067056 0.0025149445242661967 0.0048755179572658059 0.0046791133947564649 -0.00055023047357938368 -0.00042805376629323955 1.4222915153619684e-05 -0.0001390485841575653 0.0005726348458194526 0.0002230872019383042 -0.0014525222795018495 0.0010863315066710734 -0.0017012782881159864 -0.00059385468365267136 -0.00026618213144875917 0.00045287677513929835
leaf_weight=452 601 370 240 245 281 513 228 319 216 243 717 33692 1567 219 1893 207 211 242 1142 259 55140 106890 931 287 254 220 635 1408 321 206
leaf_count=452 601 370 240 245 281 513 228 319 216 243 717 33692 1567 219 1893 207 211 242 1142 259 55140 106890 931 287 254 220 635 1408 321 206
internal_value=-5.705e-06 0.00208586 0.00338673 -3.22724e-05 0.000212848 0.000167416 -0.00207314 0.00150466 -8.53302e-05 0.000200137 0.00143585 0.000165251 -0.00075035 0.000715397 -7.00513e-05 0.00223455 0.00330904 0.00327266 0.000435281 0.00114499 -8.33972e-05 -0.000133542 -4.57787e-05 0.00119902 0.00045285 -0.000275112 -0.00061105 -0.000941374 0.000884792 0.00164937
internal_weight=210149 2631 1346 207518 36923 35674 509 1249 170595 35165 960 34205 3826 1285 166769 976 456 482 4287 1066 162482 107342 2073 494 793 474 3610 2043 2214 807
internal_count=210149 2631 1346 207518 36923 35674 509 1249 170595 35165 960 34205 3826 1285 166769 976 456 482 4287 1066 162482 107342 2073 494 793 474 3610 2043 2214 807
is_linear=0
shrinkage=0.03


Tree=3
num_leaves=28
num_cat=0
split_feature=6 1 5 9 16 25 1 33 5 25 0 16 23 15 1 5 29 23 5 13 12 6 32 34 32 25 18
split_gain=12.7445 3.84265 6.36385 3.51781 4.45279 3.44963 2.88155 4.26778 2.12389 2.55404 1.59659 1.48839 4.2866 2.11546 1.31404 1.09091 0.727353 0.568758 0.479341 0.463544 0.500953 0.40482 0.360412 0.342425 0.338346 0.235745 0.116465
threshold=3.9919699430465703 2.5623483657836919 0.09933416917920114 3.2932053804397587 2.9097304344177251 3.4115585088729863 4.4419095516204843 2.8229428529739384 1.1895508170127871 1.2519097328186037 -2.1546666622161861 2.9097304344177251 -2.4962227344512935 -0.59822285175323475 1.9346726536750796 0.99210694432258617 1.0000000180025095e-35 1.8817886710166933 1.411615312099457 0.53730401396751415 0.55292955040931713 4.9997210502624521 1.0206339359283449 -0.60234084725379933 -1.2372168898582456 1.099614202976227 0.93352368474006664
decision_type=2 2 2 2 2 2 2 2 2 2 2 2 2 2 2 2 2 2 2 2 2 2 2 2 2 2 2
left_child=6 3 -3 4 15 -6 8 22 9 11 -11 13 -13 -1 -12 17 19 -2 24 26 -21 -5 -8 -17 -18 -20 -10
right_child=1 2 -4 21 5 -7 7 -9 16 10 14 12 -14 -15 -16 23 18 -19 25 20 -22 -23 -24 -25 -26 -27 -28
leaf_value=0.000131531744821654 0.0028628614625482948 0.008489291812270516 0.0010810592159231423 -0.0014534798035310814 0.0064055480492458657 0.0017649518002383752 0.0010535716746523584 0.0048688325899282963 -0.00067435727238262188 0.0028960435670545418 0.00026859937838756228 -0.002478974705986698 7.5606394335958887e-05 -0.0001013417159641429 0.0018173893029904775 -0.00099256204914299415 -0.0012944532723728722 0.0011067455499488496 -0.0017383410506775676 -0.0016958380689147525 -0.00061507503699002246 0.00024093760345281979 -0.00058968840149719009 0.00072510036173786135 -0.00010502110010467314 -0.00045108991945855015 0.00031293821200500325
leaf_weight=47199 274 200 216 259 319 269 209 262 205 216 13457 869 1826 137005 507 206 229 438 294 1024 631 242 269 202 2702 232 216
leaf_count=47199 274 200 216 259 319 269 209 262 205 216 13457 869 1826 137005 507 206 229 438 294 1024 631 242 269 202 2702 232 216
internal_value=-5.39446e-06 0.00206985 0.00470123 0.00156481 0.00221173 0.00431534 -3.17155e-05 0.0018307 -3.84301e-05 -2.24671e-05 0.000365627 -5.19207e-05 -0.000751181 -4.16701e-05 0.000325463 0.00109306 -0.000618008 0.00179781 -0.000350626 -0.00106135 -0.00128687 -0.000640725 0.000132277 -0.000143668 -0.000199998 -0.00118017 -0.000170084
internal_weight=209977 2625 416 2209 1708 588 207352 740 206612 201079 14180 186899 2695 184204 13964 1120 5533 712 3457 2076 1655 501 478 408 2931 526 421
internal_count=209977 2625 416 2209 1708 588 207352 740 206612 201079 14180 186899 2695 184204 13964 1120 5533 712 3457 2076 1655 501 478 408 2931 526 421
is_linear=0
shrinkage=0.03


Tree=4
num_leaves=31
num_cat=0
split_feature=6 2 2 30 0 23 14 2 5 9 10 16 5 0 28 28 7 6 16 28 34 18 11 2 27 32 7 23 5 33
split_gain=11.5221 6.12366 2.48577 3.01488 2.64781 5.03736 4.71655 2.44974 4.79766 2.82849 1.93045 1.90444 1.71059 1.44008 1.43603 1.13059 0.945548 0.875295 1.48674 0.814529 0.943711 0.74132 0.689747 0.66207 0.574892 0.515932 0.505201 0.394311 0.330633 0.225367
threshold=3.6467404365539555 1.4168306589126589 0.84157210588455211 -2.1163481473922725 -3.1437351703643794 -3.247793316841125 -2.6739042997360225 3.1803990602493291 -1.247580289840698 3.1101834774017338 0.35209079086780554 2.9097304344177251 1.2329552769660952 0.34016509354114538 -0.29332080483436579 -0.85206860303878773 -0.29563763737678522 1.5309172272682192 1.5199371576309206 0.86515554785728466 -0.61181694269180287 2.7897313833236699 -2.6019443273544307 0.060207452625036247 1.016443729400635 1.4219034910202029 -1.2453556656837461 2.1728557348251347 1.411615312099457 -1.181530177593231
decision_type=2 2 2 2 2 2 2 2 2 2 2 2 2 2 2 2 2 2 2 2 2 2 2 2 2 2 2 2 2 2
left_child=2 14 12 -4 6 -6 -5 8 -3 11 -11 -10 16 -7 21 -14 25 22 -19 20 -16 23 -18 -2 29 26 -1 -22 -26 -17
right_child=1 7 3 4 5 13 -8 -9 9 10 -12 -13 15 -15 19 24 17 18 -20 -21 27 -23 -24 -25 28 -27 -28 -29 -30 -31
leaf_value=-0.00041721306531749121 0.0009634016827059287 0.0075314605783318497 -0.0025917767783489132 0.0056791482541230249 -0.0037897792140687619 0.00034848990957509613 5.2006074894089089e-05 -0.00013287294912564082 0.0021343278544294218 0.0030342564281280629 -0.00072129576643290472 0.0047897576667634114 -0.0028154116083786303 -6.7849683188431995e-05 -0.0024971373399271619 -0.001050004654197706 0.0010102237879514395 0.00056071642340596746 -0.00095413404591289895 0.00099781894108673429 0.0006409747823547128 -4.0395591678747604e-05 -0.00012826049340314895 0.0033583835421671644 -0.00070815059778559951 -0.0012895748139993678 7.8764349609632836e-05 -0.0011133776883427756 -0.0016443907829726903 1.3395432836119665e-06
leaf_weight=1923 220 201 341 216 279 24559 341 221 476 200 305 524 212 10747 232 208 476 3571 692 259 248 210 114956 202 1552 252 44773 207 437 1325
leaf_count=1923 220 201 341 216 279 24559 341 221 476 200 305 524 212 10747 232 208 476 3571 692 259 248 210 114956 202 1552 252 44773 207 437 1325
internal_value=-3.70698e-07 0.00170406 -2.92908e-05 0.000195429 0.000222081 0.000189786 0.00226528 0.00283658 0.00322051 0.00262173 0.000781217 0.00354268 -7.74147e-05 0.000221766 0.000316487 -0.000712015 -6.31741e-05 -0.000107928 0.000313986 -0.000422993 -0.000961981 0.001418 -0.000123522 0.00213572 -0.000581594 5.09254e-05 5.82969e-05 -0.000160586 -0.000917458 -0.000144258
internal_weight=210365 3505 206860 36483 36142 35585 557 1927 1706 1505 505 1000 170377 35306 1578 3734 166643 119695 4263 946 687 632 115432 422 3522 46948 46696 455 1989 1533
internal_count=210365 3505 206860 36483 36142 35585 557 1927 1706 1505 505 1000 170377 35306 1578 3734 166643 119695 4263 946 687 632 115432 422 3522 46948 46696 455 1989 1533
is_linear=0
shrinkage=0.03


Tree=5
num_leaves=31
num_cat=0
split_feature=25 1 33 2 16 25 4 16 28 1 25 33 5 3 16 13 33 4 28 22 23 16 1 28 20 23 27 4 1 23
split_gain=8.85156 6.15726 10.071 4.47205 3.88508 2.5901 2.03485 2.20532 2.10968 1.87903 1.76341 1.76072 1.60525 1.58033 1.4249 1.82988 1.69759 1.35841 0.986076 0.871114 0.734351 1.00962 0.64689 0.616011 0.585076 0.574144 0.478791 0.38935 0.382276 0.307038
threshold=2.1061912775039677 4.4419095516204843 3.0204142332077031 1.8802700638771059 2.0223040580749516 3.4115585088729863 0.5358884632587434 0.95863041281700145 -0.038834469392895692 0.77190893888473522 -1.8756527900695799 3.0204142332077031 1.2329552769660952 0.26586236059665685 2.5433518886566167 -3.0658706426620479 2.2193114757537846 0.6500559151172639 -0.85206860303878773 0.87051659822464 2.2996054887771611 0.95863041281700145 -1.3360631465911863 -0.41236339509487147 0.51543506979942333 0.33707726001739508 0.85890939831733715 0.32399292290210729 0.6206941306591035 -0.4882854670286178
decision_type=2 2 2 2 2 2 2 2 2 2 2 2 2 2 2 2 2 2 2 2 2 2 2 2 2 2 2 2 2 2
left_child=1 6 29 11 -5 9 12 22 10 13 -9 20 14 -6 16 -16 -1 -11 -14 -7 21 23 -8 -2 -24 -10 -20 -22 -23 -3
right_child=3 2 -4 4 5 19 7 8 25 17 -12 -13 18 -15 15 -17 -18 -19 26 -21 27 28 24 -25 -26 -27 -28 -29 -30 -31
leaf_value=-8.8796762453225469e-05 0.0012184977895007109 -0.00022481109719762853 0.0077596928403643635 -0.00054957618928396976 0.0012887785643544217 0.0027102068669405087 -0.00095568129476932137 -0.0010056340195560712 0.0018992628754151235 0.0035897566689774819 0.00051361384434211912 -0.0015500239365488829 -0.0027489808309738607 0.0042761589069325451 -0.0022978970823410365 -0.00039976296300450558 0.00079816388746566341 0.0071875862832779854 -4.034308477476352e-05 0.0002343553016433448 -0.00048124397158099433 0.0013769108817400962 9.2140494094569169e-05 -0.00029730231540667912 -0.0001223323105465524 0.00065857752950184182 -0.0008497938203693902 0.00093477609716418643 0.0027085615534404848 0.0012308325571732147
leaf_weight=124067 437 326 234 334 322 214 587 789 1136 208 5138 321 204 323 520 3564 1968 205 920 310 512 735 47701 528 15057 486 2306 259 274 211
leaf_count=124067 437 326 234 334 322 214 587 789 1136 208 5138 321 204 323 520 3564 1968 205 920 310 512 735 47701 528 15057 486 2306 259 274 211
internal_value=-2.76088e-07 -3.06234e-05 0.00263662 0.00124854 0.00238369 0.00300276 -4.07463e-05 8.9152e-05 0.000573665 0.00385515 0.000310695 0.000536433 -0.000109703 0.00280617 -9.28004e-05 -0.000643959 -7.4916e-05 0.00544022 -0.000749848 0.00126154 0.000782798 0.00108879 3.13705e-05 0.00039187 4.06782e-05 0.00153068 -0.000619372 -2.60598e-06 0.0017501 0.000353224
internal_weight=210196 205214 771 4982 1916 1582 204443 70894 7549 1058 5927 3066 133549 645 130119 4084 126035 413 3430 524 2745 1974 63345 965 62758 1622 3226 771 1009 537
internal_count=210196 205214 771 4982 1916 1582 204443 70894 7549 1058 5927 3066 133549 645 130119 4084 126035 413 3430 524 2745 1974 63345 965 62758 1622 3226 771 1009 537
is_linear=0
shrinkage=0.03


Tree=6
num_leaves=28
num_cat=0
split_feature=6 4 1 15 1 33 25 16 4 16 28 25 28 5 18 19 19 15 16 23 28 23 14 4 27 20 33
split_gain=10.5227 4.49773 4.14026 3.19765 3.09558 4.9946 2.42373 2.18996 1.88842 2.17752 1.84628 1.82186 1.69689 1.50164 1.46689 1.37448 1.37087 1.36079 1.32541 1.1383 1.01098 0.566804 0.514833 0.465819 0.44142 0.391037 0.235365
threshold=3.6467404365539555 0.50858047604560863 3.7090348005294804 2.6128984689712529 4.4419095516204843 2.8229428529739384 2.1061912775039677 2.9097304344177251 0.54515358805656444 0.95863041281700145 0.46887144446372991 -1.8756527900695799 -0.32835420966148371 1.2329552769660952 3.0354374647140507 1.2180950641632082 -2.9698997735977168 0.66202044486999523 2.4255692958831792 -0.59743949770927418 -0.85206860303878773 -0.39532688260078425 -1.7291691303253172 0.11321308091282846 1.0341226458549502 1.1113080382347109 1.3104712367057803
decision_type=2 2 2 2 2 2 2 2 2 2 2 2 2 2 2 2 2 2 2 2 2 2 2 2 2 2 2
left_child=4 2 6 7 8 23 26 -3 13 21 11 -11 14 16 -8 -14 18 -12 -1 -18 -15 22 -10 -6 -22 -23 -2
right_child=1 3 -4 -5 5 -7 12 -9 9 10 17 -13 15 20 -16 -17 19 -19 -20 -21 24 25 -24 -25 -26 -27 -28
leaf_value=-0.00033766782214775671 -0.00075418398768697784 0.002481893873194255 0.0047236855021365355 0.00098898954512177781 0.0011296405275033276 0.0055984126367452699 0.0030110258879477172 0.0059334213118174975 -0.000766815018415148 -0.00092943280381546048 0.0024223740730266322 0.00056848109549711317 0.0011631234612241742 -0.0026939990801883428 0.00021501108416055369 -0.0011930285720443401 6.6318392528102454e-05 -0.00010229152830023932 -0.0030744935694274863 -0.00013229604912327536 -0.00017537265340366337 4.5720075859892891e-06 0.00021294366059585368 -0.00075373282802323365 -0.00088577984958502132 -0.00030700973167986298 -0.0020826435024489521
leaf_weight=396 311 305 227 372 229 224 512 390 493 828 735 5972 528 214 252 378 35678 259 263 95416 1370 42742 15886 234 1855 3956 201
leaf_count=396 311 305 227 372 229 224 512 390 493 828 735 5972 528 214 252 378 35678 259 263 95416 1370 42742 15886 234 1855 3956 201
internal_value=-1.28051e-06 0.00163443 0.000912809 0.00325181 -2.88199e-05 0.00197432 0.000506459 0.00444727 -3.5546e-05 8.98828e-05 0.000562783 0.000385539 0.00105969 -0.0001013 0.00209617 0.000178941 -8.51315e-05 0.00176732 -0.00144483 -7.82415e-05 -0.000719708 3.14097e-05 0.000183228 0.000179901 -0.000584733 -2.18535e-05 -0.00129081
internal_weight=210226 3476 2409 1067 206750 687 2182 695 206063 70871 7794 6800 1670 135192 764 906 131753 994 659 131094 3439 63077 16379 463 3225 46698 512
internal_count=210226 3476 2409 1067 206750 687 2182 695 206063 70871 7794 6800 1670 135192 764 906 131753 994 659 131094 3439 63077 16379 463 3225 46698 512
is_linear=0
shrinkage=0.03


Tree=7
num_leaves=31
num_cat=0
split_feature=6 1 5 9 5 6 0 5 9 19 1 28 29 5 1 28 18 1 25 20 29 8 5 27 6 5 34 29 1 25
split_gain=10.6701 4.72162 6.53362 2.96465 2.41686 1.94539 1.9265 1.58196 1.50646 1.51852 1.48417 1.48336 2.11884 1.37811 1.29546 1.14831 0.986032 0.974374 0.949445 1.69583 0.812772 1.02796 0.75264 0.563854 0.330828 0.285153 0.223165 0.193767 0.192325 0.099732
threshold=3.9919699430465703 2.5623483657836919 -0.057659164071083062 3.2932053804397587 1.0248134136199953 2.4816184043884282 -1.3019031286239622 1.2913594245910647 3.9736448526382451 -2.9698997735977168 3.7090348005294804 -0.38468910753726954 0.4790808111429215 -2.7113338708877559 1.9346726536750796 -0.21348765492439267 2.0332493782043461 1.4935112595558169 3.4115585088729863 2.2710908651351933 0.35171173512935644 -0.78958705067634571 0.53739017248153698 1.0713281631469729 4.9997210502624521 1.411615312099457 -0.30644851922988886 -0.064163267612457262 -0.99638271331787098 1.0783056616783144
decision_type=2 2 2 2 2 2 2 2 2 2 2 2 2 2 2 2 2 2 2 2 2 2 2 2 2 2 2 2 2 2
left_child=5 3 -3 4 18 7 -7 8 9 17 -11 20 16 -10 -14 -6 -13 -1 19 -2 21 -8 -22 28 -5 27 -27 -25 -9 -30
right_child=1 2 -4 24 15 6 11 23 13 10 -12 12 14 -15 -16 -17 -18 -19 -20 -21 22 -23 -24 25 -26 26 -28 -29 29 -31
leaf_value=-0.00069780822776274428 0.0023696450654341916 0.0085580579899251462 0.001130310185040192 -0.0014048238861491846 0.0014269942748095386 0.003440320549542894 0.0033842807651839456 -0.0010977049725659778 0.0031584436075628376 -3.7430409819569847e-05 0.00079683017857283013 -0.00024961865237210876 0.00032909005346360749 -3.6099895487150436e-05 0.0029072318728727759 -0.0015679341776568677 -0.0022196142701208232 -0.0031339413832095239 0.0012401805084464232 0.005452709260025417 -0.001277023262023599 0.001128057599673241 0.0011441555086978321 -0.0016247737429718398 0.00011152940120155108 -0.0026301562146556269 -0.0012111688510351511 -0.00059957407373420187 -0.00032455344458882517 0.00039911030481368026
leaf_weight=519 695 205 220 261 246 202 221 204 250 198044 1933 511 1131 232 203 208 411 204 344 212 203 988 255 242 251 200 226 540 474 262
leaf_count=519 695 205 220 261 246 202 221 204 250 198044 1933 511 1131 232 203 208 411 204 344 212 203 988 255 242 251 200 226 540 474 262
internal_value=-1.69995e-06 0.00189097 0.00477096 0.00132938 0.00192925 -2.58487e-05 0.000618741 -3.89405e-05 -3.02832e-05 -3.43262e-05 -2.93466e-05 0.000469261 -3.25574e-05 0.00163624 0.000730807 5.27355e-05 -0.00113502 -0.00140199 0.00260733 0.00311622 0.00114645 0.00155273 6.88112e-05 -0.000847825 -0.000667566 -0.00127539 -0.00190014 -0.000925142 -0.000294517 -6.59901e-05
internal_weight=210097 2642 425 2217 1705 207455 4125 203330 201182 200700 199977 3923 2256 482 1334 454 922 723 1251 907 1667 1209 458 2148 512 1208 426 782 940 736
internal_count=210097 2642 425 2217 1705 207455 4125 203330 201182 200700 199977 3923 2256 482 1334 454 922 723 1251 907 1667 1209 458 2148 512 1208 426 782 940 736
is_linear=0
shrinkage=0.03


Tree=8
num_leaves=31
num_cat=0
split_feature=25 16 28 25 16 9 14 4 10 4 15 14 16 15 28 30 19 27 29 5 11 4 9 16 23 34 20 28 23 10
split_gain=7.22024 2.87405 3.43409 4.6181 3.1552 2.40018 2.3199 2.65155 2.24316 1.87774 2.36306 2.66669 2.25908 1.75829 1.61789 1.61772 1.34745 1.19427 1.06648 0.794069 1.33153 0.772616 0.741294 0.72613 0.6969 0.683362 0.606436 0.569667 0.350107 0.181416
threshold=2.1061912775039677 2.9097304344177251 -0.12330050393939017 3.4115585088729863 3.5899791717529301 3.6631493568420415 -2.4793257713317867 -0.4298007190227508 0.64707964658737194 0.52726885676383983 -3.2031605243682857 -2.6739042997360225 0.95863041281700145 -0.11958075314760207 -0.038834469392895692 0.67493215203285228 -2.3553880453109737 0.035633150488138206 -3.5439479351043697 -1.1885892152786253 -0.96760296821594227 1.3095294237136843 2.0789757966995244 1.6246344447135928 2.448457002639771 -0.57318642735481251 1.1329073905944826 -0.084185842424631105 -0.39532688260078425 1.7782930731773379
decision_type=2 2 2 2 2 2 2 2 2 2 2 2 2 2 2 2 2 2 2 2 2 2 2 2 2 2 2 2 2 2
left_child=5 17 3 4 -3 9 7 -7 -4 10 11 -1 26 18 15 -14 -15 23 -12 20 -8 24 -16 -2 25 -19 28 -26 -11 -28
right_child=1 2 8 -5 -6 6 19 -9 -10 12 13 -13 14 16 22 -17 -18 21 -20 -21 -22 -23 -24 -25 27 -27 29 -29 -30 -31
leaf_value=-0.0047742150766250718 0.00073367212693685555 0.0068141305613933145 0.0024661347376991457 0.00038471169817388398 0.0024399637191752739 0.0050877584343143531 -0.00030914169508496796 0.00046603462873997772 -0.0011040226577198086 0.00016714625524958201 0.001345379373792865 -0.00029150714380359879 9.7311864541785117e-05 -0.001222828059847868 0.0017044427014347981 0.0013243127681611196 -0.0001822029015581168 5.9738148455874577e-05 9.7125111035128208e-06 -0.0011320900284314389 0.002598544198480057 -0.001329921514234314 9.6467808450016984e-05 0.003143739721603762 -0.0012134141444173445 0.0012080424684304987 -0.00041972271957262005 0.00061279645214087897 4.5600422776100453e-06 0.0001427051381896753
leaf_weight=202 211 334 280 314 279 242 336 206 352 16382 538 284 4886 1133 1341 1201 71013 716 58667 238 239 209 320 246 318 1336 3364 289 43729 607
leaf_count=202 211 334 280 314 279 242 336 206 352 16382 538 284 4886 1133 1341 1201 71013 716 58667 238 239 209 320 246 318 1336 3364 289 43729 607
internal_value=-4.46046e-06 0.00113492 0.00219589 0.00335372 0.00485913 -3.1642e-05 0.00127057 0.00299119 0.000484635 -3.97356e-05 -0.000106972 -0.00218433 8.36688e-05 -9.92027e-05 0.000567342 0.000340294 -0.000198629 0.000634905 2.19624e-05 0.000309938 0.000911427 0.000406085 0.00139588 0.00205098 0.000544777 0.000808486 2.51493e-05 -0.00034603 4.88797e-05 -0.00033368
internal_weight=209812 4884 1559 927 613 204928 1261 448 632 203667 131837 486 71830 131351 7748 6087 72146 3325 59205 813 575 2868 1661 457 2659 2052 64082 607 60111 3971
internal_count=209812 4884 1559 927 613 204928 1261 448 632 203667 131837 486 71830 131351 7748 6087 72146 3325 59205 813 575 2868 1661 457 2659 2052 64082 607 60111 3971
is_linear=0
shrinkage=0.03


Tree=9
num_leaves=29
num_cat=0
split_feature=6 1 5 4 1 33 15 4 16 12 15 33 5 1 28 29 23 15 14 28 4 10 1 23 29 29 16 3
split_gain=9.39168 4.09779 5.67437 3.46756 2.29078 2.79774 1.83895 1.78863 2.16319 1.75086 1.61939 3.97628 1.63497 1.40197 1.18998 1.16672 1.1113 1.07619 1.05293 0.823539 0.695247 0.674457 0.646556 0.574198 0.499177 0.444939 0.358183 0.15705
threshold=3.9919699430465703 2.5623483657836919 0.044785713776946075 0.36159229278564459 4.4419095516204843 2.6609526872634892 2.9357217550277714 0.54515358805656444 0.95863041281700145 0.51171645522117626 -3.2031605243682857 3.4160044193267827 1.2329552769660952 0.71051126718521129 -0.58414021134376515 0.78699594736099254 2.0664566755294804 -0.1364123001694679 2.0009900331497197 -0.8904743194580077 0.75315323472023021 -0.087428681552410112 -1.3360631465911863 -0.29922291636466974 0.39191250503063207 0.22892560064792636 -0.26914089918136591 0.2194546461105347
decision_type=2 2 2 2 2 2 2 2 2 2 2 2 2 2 2 2 2 2 2 2 2 2 2 2 2 2 2 2
left_child=4 3 -3 14 7 25 13 10 22 15 11 21 17 20 -2 -10 27 -12 -11 -14 -5 -1 26 -24 -18 -6 -9 -16
right_child=1 2 -4 6 5 -7 -8 8 9 18 12 -13 19 -15 16 -17 24 -19 -20 -21 -22 -23 23 -25 -26 -27 -28 -29
leaf_value=-0.0010863971331463499 0.0017710363124835806 0.0080847321257631229 0.0010478143520433352 0.0036841802227545869 0.0010429755167819428 0.0038335692229275347 0.0004204430011737667 -0.00040958165371624347 1.2564808024195116e-05 0.00094079088473012417 2.5128510411493684e-05 -0.0046591343196741948 -0.002569267819607314 0.0054401910534527687 0.001492547321944832 0.0014154336119599083 -0.002235086225095744 -0.00014724339038412 0.0029935562710695879 -0.00061063107006029691 0.0012028859078256021 0.0012640569767217219 0.0001799538599832425 -1.7907055192078694e-05 -0.0003856596118002416 -0.00089413883563395032 -0.001964708346883694 0.0003028192150366788
leaf_weight=203 344 200 211 206 205 302 232 388 4163 2963 59179 235 201 226 201 607 223 72570 240 3294 210 228 18943 43514 316 212 201 200
leaf_count=203 344 200 211 206 205 302 232 388 4163 2963 59179 235 201 226 201 607 223 72570 240 3294 210 228 18943 43514 316 212 201 200
internal_value=-2.14599e-06 0.00179885 0.00452812 0.00126979 -2.44705e-05 0.00166009 0.00272163 -3.03637e-05 9.16462e-05 0.00055707 -9.41203e-05 -0.00156429 -8.6823e-05 0.00354353 0.000274816 0.00019238 -0.00027921 -6.98194e-05 0.00109903 -0.000726783 0.00246077 0.000157235 3.27477e-05 4.21131e-05 -0.00116433 5.9234e-05 -0.000952349 0.000910204
internal_weight=210217 2569 411 2158 207648 719 874 206929 71019 7973 135910 666 135244 642 1284 4770 940 131749 3203 3495 416 431 63046 62457 539 417 589 401
internal_count=210217 2569 411 2158 207648 719 874 206929 71019 7973 135910 666 135244 642 1284 4770 940 131749 3203 3495 416 431 63046 62457 539 417 589 401
is_linear=0
shrinkage=0.03


Tree=10
num_leaves=31
num_cat=0
split_feature=6 2 5 9 2 30 27 2 15 6 33 2 25 5 5 2 6 9 29 15 9 23 2 27 29 32 24 5 29 33
split_gain=8.52194 4.35502 4.21222 2.45213 2.4131 2.2433 3.69887 5.44456 3.67435 1.67254 1.61465 1.43794 1.43405 1.40706 1.06109 0.941579 0.869011 1.05921 1.02152 0.828665 1.1618 0.782502 0.730537 0.640962 0.637403 0.453211 0.395842 0.275902 0.235409 0.235327
threshold=3.9919699430465703 2.1163514852523808 -1.247580289840698 3.1101834774017338 0.84157210588455211 -2.1163481473922725 -3.1171296834945674 2.7089142799377446 -3.2031605243682857 2.9506320953369145 3.0204142332077031 2.9894878864288335 3.4115585088729863 1.2329552769660952 0.09933416917920114 1.3519017696380617 1.5309172272682192 2.0056689977645878 -0.36520628631114954 0.73490428924560558 0.27816040813922888 1.966123163700104 -1.4440836906433103 1.052683472633362 0.042369244620203979 2.4151908159255986 1.1912663578987124 1.411615312099457 -0.72974386811256398 -1.181530177593231
decision_type=2 2 2 2 2 2 2 2 2 2 2 2 2 2 2 2 2 2 2 2 2 2 2 2 2 2 2 2 2 2
left_child=4 10 -3 12 13 -6 7 -7 11 -10 15 -8 -4 16 -5 21 19 18 -18 22 -21 -2 -1 28 -25 -19 -23 -26 -15 -30
right_child=1 2 3 14 5 6 8 -9 9 -11 -12 -13 -14 23 -16 -17 17 25 -20 20 -22 26 -24 24 27 -27 -28 -29 29 -31
leaf_value=-0.000329484177480949 0.0016337027837601324 0.006908130509812118 0.0048192923465864759 0.0019924365738213643 -0.0022628638714985833 0.00010102705586060785 -0.0009946034769236574 0.0062502040777433045 0.00018410091988904897 0.0013606383633243536 -0.0015505723751567562 -0.0042748981551519061 0.0016625478127016088 -0.00095445278158439015 -0.00094973943882311371 0.0022443673201501951 -0.00047252184880131303 -0.00017878857078907712 0.00069952863313055291 -0.00012264049036898097 -0.00062471240387154084 0.00074683963301370049 -2.0092204525556752e-05 -0.0016678736450060827 -0.00035624299242157211 -0.0018521381169725941 -0.00095623154335151438 -0.0013738461229205801 -0.00092482312694064351 0.00014875711441305492
leaf_weight=7253 310 205 318 212 325 306 295 220 34519 1118 256 203 229 294 220 395 813 369 3702 21392 5142 201 128035 772 1063 237 300 307 214 1137
leaf_count=7253 310 205 318 212 325 306 295 220 34519 1118 256 203 229 294 220 395 813 369 3702 21392 5142 201 128035 772 1063 237 300 307 214 1137
internal_value=1.60263e-06 0.00169178 0.00304041 0.00219953 -1.9968e-05 0.000199706 0.000221842 0.00270756 0.000185289 0.000221197 0.000592953 -0.00236095 0.00352476 -6.75613e-05 0.000500383 0.00105249 -5.45798e-05 0.000329993 0.000488192 -6.67598e-05 -0.000220036 0.000461783 -3.66908e-05 -0.000638999 -0.000980459 -0.000843019 -0.000272335 -0.000588442 -0.00019275 -2.40823e-05
internal_weight=210362 2646 1184 979 207716 36986 36661 526 36135 35637 1462 498 547 170730 432 1206 166943 5121 4515 161822 26534 811 135288 3787 2142 606 501 1370 1645 1351
internal_count=210362 2646 1184 979 207716 36986 36661 526 36135 35637 1462 498 547 170730 432 1206 166943 5121 4515 161822 26534 811 135288 3787 2142 606 501 1370 1645 1351
is_linear=0
shrinkage=0.03


Tree=11
num_leaves=29
num_cat=0
split_feature=6 2 5 16 25 1 7 2 15 1 7 28 16 1 6 13 7 11 16 6 32 32 16 16 16 32 7 16
split_gain=7.61004 3.94958 4.10599 2.18871 2.67414 1.86855 2.69607 1.6128 1.79538 3.17974 1.47373 1.43224 1.48215 1.36847 1.25359 1.13466 1.12953 0.976553 0.883263 0.841906 0.934795 0.83635 0.636432 0.914257 0.551884 0.547966 0.451405 0.410317
threshold=3.9919699430465703 1.4526908993721011 -1.316885709762573 3.7749476432800297 2.9601556062698369 3.7090348005294804 1.9313451051712038 0.40963993966579443 -3.2031605243682857 1.5444250702857973 0.15306758135557177 -0.95476102828979481 0.088413320481777205 -1.3360631465911863 3.2591618299484257 0.60488447546958934 -0.36238184571266169 2.7419998645782475 2.2173451185226445 4.9997210502624521 1.5603930354118349 1.9349735975265505 2.7843078374862675 0.78796166181564342 0.033269640058279044 1.3002100586891177 0.83734333515167247 1.0244936943054201
decision_type=2 2 2 2 2 2 2 2 2 2 2 2 2 2 2 2 2 2 2 2 2 2 2 2 2 2 2 2
left_child=5 19 -3 4 -4 7 10 11 9 -9 22 12 15 24 -15 -1 25 -6 -18 20 27 26 23 -7 -10 -13 -12 -2
right_child=1 2 3 -5 17 6 -8 8 13 -11 21 16 -14 14 -16 -17 18 -19 -20 -21 -22 -23 -24 -25 -26 -27 -28 -29
leaf_value=-0.00078158276271073394 0.00017883369723085263 0.0064696986109846382 0.0048653799069438572 -0.00030066022794926538 0.0029419990008611053 0.0024553958072139272 0.0035591112292624803 8.6128929768760232e-05 -0.00035794734836766079 -0.0045542888467322165 -0.00046207882176265515 7.0612478796357644e-05 0.0012370747696307919 0.00011370450780792743 0.001247536770149639 -0.0026589669404136554 -0.00011756305114249332 0.00075531238605973914 -0.001104400603863245 -0.0015690613971297662 -0.0008308914660708572 -0.0015145682570721914 0.0025533356332789478 0.00010948574623391521 -0.0021299396305992425 -0.0013612663586650905 0.0011725569694486617 0.0018691040268449003
leaf_weight=1625 201 203 317 307 296 207 282 374 312 201 323 40073 269 58670 886 350 101257 485 818 200 281 363 251 509 321 237 279 363
leaf_count=1625 201 203 317 307 296 207 282 374 312 201 323 40073 269 58670 886 350 101257 485 818 200 281 363 251 509 321 237 279 363
internal_value=-3.12989e-08 0.00159502 0.00252585 0.0019351 0.00255875 -2.04523e-05 0.000845436 -2.98064e-05 9.98831e-05 -0.00156128 0.000441175 -8.42953e-05 -0.000835462 0.000115881 0.000130676 -0.00112016 -7.24279e-05 0.00159751 -0.000125525 0.000157502 0.000572982 -0.000387543 0.00126592 0.000800027 -0.00126619 6.20261e-05 0.00029892 0.00127359
internal_weight=210260 2653 1608 1405 1098 207607 2214 205393 60764 575 1932 144629 2244 60189 59556 1975 142385 781 102075 1045 845 965 967 716 633 40310 602 564
internal_count=210260 2653 1608 1405 1098 207607 2214 205393 60764 575 1932 144629 2244 60189 59556 1975 142385 781 102075 1045 845 965 967 716 633 40310 602 564
is_linear=0
shrinkage=0.03


Tree=12
num_leaves=28
num_cat=0
split_feature=6 1 4 1 9 4 4 16 28 6 19 16 23 28 24 28 29 30 15 1 7 28 29 4 25 9 29
split_gain=8.02931 3.82985 3.47776 2.11615 2.73704 1.67677 1.5517 2.19185 1.71989 2.11006 1.25177 1.43594 1.31886 1.27566 1.21881 1.03967 0.953151 0.801066 0.640969 0.619805 0.596799 0.575641 0.558861 0.531774 0.761843 0.380692 0.233913
threshold=3.9919699430465703 3.3362547159194951 0.43567945063114172 4.4419095516204843 2.9125130176544194 1.0619160532951357 0.54515358805656444 0.95863041281700145 -0.048183772712945931 0.083303797990083708 -2.9698997735977168 2.4255692958831792 -0.60936829447746266 -0.95476102828979481 1.1912663578987124 -0.23256401717662809 -3.5439479351043697 0.92146077752113353 0.63978156447410595 -1.3360631465911863 -1.0000000180025095e-35 -0.52498027682304371 0.91825461387634288 -1.3817695975303648 2.600907683372498 -0.61933898925781239 0.222721703350544
decision_type=2 2 2 2 2 2 2 2 2 2 2 2 2 2 2 2 2 2 2 2 2 2 2 2 2 2 2
left_child=3 2 14 6 26 15 10 19 9 -9 11 -1 16 -14 23 17 -12 -4 -10 25 -21 -16 -23 -2 -25 -8 -5
right_child=1 -3 5 4 -6 -7 7 8 18 -11 12 -13 13 -15 21 -17 -18 -19 -20 20 -22 22 -24 24 -26 -27 -28
leaf_value=-0.00018328397176096381 -8.3788779673835684e-05 0.0049622947492537475 0.0029761179933987863 0.0010188263918065605 0.0042118312153542024 0.00061110686856380653 -0.00033849213753778566 -0.0004522898951176686 0.0017688286636295713 0.00071739957524265773 0.0013946244816670885 -0.0030386235985497478 -0.0009746672279770021 -0.00011935908978241736 0.00055213272311387194 0.001792339060218094 6.2135638610116733e-05 0.0057155493976683326 0.00050386633640050777 0.00016045561838226677 -3.1654652150372704e-05 -0.0022435396895042225 -0.00016991996167425258 0.00026299940072578148 0.002613006538523636 -0.0019160596188980013 -0.00029543000745464238
leaf_weight=374 201 275 214 216 236 249 367 2085 1215 4131 485 271 1590 98226 293 221 34621 211 519 23073 39397 214 253 201 325 218 268
leaf_count=374 201 275 214 216 236 249 367 2085 1215 4131 485 271 1590 98226 293 221 34621 211 519 23073 39397 214 253 201 325 218 268
internal_value=2.46719e-06 0.00163961 0.00124641 -1.85561e-05 0.00159939 0.00271846 -2.4234e-05 8.93735e-05 0.000558627 0.000325009 -8.37386e-05 -0.00139711 -7.74084e-05 -0.000133032 0.00035427 0.00351981 8.07404e-05 0.00438681 0.00139275 3.01703e-05 3.93075e-05 -0.000484495 -0.00113384 0.00122843 0.00172593 -0.000937628 0.000295518
internal_weight=209949 2657 2382 207292 720 895 206572 71005 7950 6216 135567 645 134922 99816 1487 646 35106 425 1734 63055 62470 760 467 727 526 585 484
internal_count=209949 2657 2382 207292 720 895 206572 71005 7950 6216 135567 645 134922 99816 1487 646 35106 425 1734 63055 62470 760 467 727 526 585 484
is_linear=0
shrinkage=0.03


Tree=13
num_leaves=24
num_cat=0
split_feature=6 4 1 4 1 9 28 20 19 0 6 0 7 11 27 28 29 1 19 29 23 32 29
split_gain=7.18456 3.8403 3.29501 2.3379 2.0953 3.41274 1.9196 1.66752 1.45364 1.49171 1.95458 2.06839 1.19903 1.07109 1.3455 1.03843 1.02698 0.995086 0.849349 0.715926 0.611706 0.455551 0.302683
threshold=3.6467404365539555 0.48918119072914129 3.7090348005294804 1.1508138179779055 4.4419095516204843 2.9125130176544194 -0.59322440624237049 1.8707926869392397 -2.9698997735977168 0.12964096665382388 0.70453062653541576 -2.3737437725067134 2.2618933916091923 2.2482327222824101 2.2654612064361577 -0.8904743194580077 1.0000000180025095e-35 1.3619062900543215 0.51056313514709484 -0.63137179613113392 2.0664566755294804 2.4151908159255986 0.222721703350544
decision_type=2 2 2 2 2 2 2 2 2 2 2 2 2 2 2 2 2 2 2 2 2 2 2
left_child=4 2 6 13 8 22 7 -2 17 10 19 -12 15 -3 -15 -11 20 21 -18 -10 -8 -1 -6
right_child=1 3 -4 -5 5 -7 16 -9 9 12 11 -13 -14 14 -16 -17 18 -19 -20 -21 -22 -23 -24
leaf_value=-0.0015665176773500692 0.003915724365765318 0.0051499917721246468 0.0040960451206027704 0.00028154003937011474 0.0010848774992081808 0.0047799814138750046 -0.00037243043669865877 0.00036278255608626972 -0.00011558752288461019 -0.00094169233295901252 0.0034752986305941771 0.00043822700949198691 -0.0023526778266288687 0.001613451325811334 0.0045848641924799418 -9.7697260618563904e-05 0.0011874657700021219 -0.0031392126297237486 -0.00039278803811597455 6.2201804027581936e-05 -0.0026152728508260646 0.00017714173425928593 -0.00041366403482726553
leaf_weight=257 213 265 223 256 206 208 239 264 27850 1326 203 6963 210 358 227 92421 520 200 730 76002 200 276 281
leaf_count=257 213 265 223 256 206 208 239 264 27850 1326 203 6963 210 358 227 92421 520 200 730 76002 200 276 281
internal_value=-3.20979e-06 0.00134462 0.000665343 0.0028023 -2.60645e-05 0.00161248 0.000303516 0.00197348 -3.16395e-05 -2.68537e-05 4.75983e-05 0.000526625 -0.000114823 0.0035554 0.00279554 -0.000109685 -0.000172541 -0.00136069 0.000266709 1.45208e-05 -0.00141217 -0.000670355 0.000224799
internal_weight=209898 3495 2389 1106 206403 695 2166 477 205708 204975 111018 7166 93957 850 585 93747 1689 733 1250 103852 439 533 487
internal_count=209898 3495 2389 1106 206403 695 2166 477 205708 204975 111018 7166 93957 850 585 93747 1689 733 1250 103852 439 533 487
is_linear=0
shrinkage=0.03


Tree=14
num_leaves=26
num_cat=0
split_feature=6 2 11 2 30 27 2 15 4 25 16 1 12 30 1 16 6 2 20 11 11 32 11 16 15
split_gain=6.59356 3.44072 3.3929 2.016 2.15156 3.02282 4.28798 3.74027 1.57337 1.47936 1.69478 1.45179 1.42375 1.37564 1.32459 1.36366 0.98676 0.789831 0.876673 0.770364 0.748002 0.728744 0.718371 0.34888 0.225421
threshold=3.9919699430465703 1.4893631339073183 2.0130617618560795 0.84157210588455211 -2.1163481473922725 -3.1171296834945674 2.8313168287277226 -3.2031605243682857 -0.71051597595214833 3.4115585088729863 3.7749476432800297 1.5444250702857973 0.0085358419455587881 0.76668894290924083 3.7090348005294804 3.5899791717529301 4.9997210502624521 -1.4440836906433103 -1.585462152957916 -0.59324517846107472 0.40236867964267736 1.5603930354118349 -2.6019443273544307 1.0244936943054201 -1.3130913972854612
decision_type=2 2 2 2 2 2 2 2 2 2 2 2 2 2 2 2 2 2 2 2 2 2 2 2 2
left_child=3 16 -3 14 -5 6 -6 11 -9 10 13 -7 -11 -4 15 17 21 18 -1 24 -21 23 -19 -2 -16
right_child=1 2 9 4 5 7 -8 8 -10 12 -12 -13 -14 -15 19 -17 -18 22 -20 20 -22 -23 -24 -25 -26
leaf_value=-0.0017454927785466349 0.00023830596564190161 0.0049673616946048407 0.0018011374828226733 -0.0022195660790739896 0.00026360632979205347 -0.00093888720504977361 0.005773625585718976 0.001529678497520646 0.00017891103601072963 0.0020562273842077254 0.00028270250336000962 -0.0042519000637877653 -0.00094032639021156836 0.0051063448565424373 0.00082700908398091822 -0.0023950731546300732 -0.001662674933244822 0.0011367404552077894 -0.00026778874024790684 0.0030664739120970252 0.00068366644995797158 -0.00061575014229378882 -5.0523008088484625e-05 0.00178596001746875 -0.00057672354289854981
leaf_weight=371 206 349 224 327 321 269 206 789 34635 266 205 214 297 243 201 221 208 455 9418 241 236 284 159159 364 201
leaf_count=371 206 349 224 327 321 269 206 789 34635 266 205 214 297 243 201 221 208 455 9418 241 236 284 159159 364 201
internal_value=2.23505e-06 0.00148891 0.0023725 -1.67798e-05 0.000184706 0.000206586 0.00245145 0.000173302 0.000209208 0.00162215 0.00256751 -0.00243529 0.00048109 0.00355685 -6.02249e-05 -6.62594e-05 0.000166073 -6.31506e-05 -0.000324656 0.00109805 0.00190688 0.000618568 -4.71031e-05 0.00123357 0.00012668
internal_weight=209910 2646 1584 207264 36761 36434 527 35907 35424 1235 672 483 563 467 170503 169624 1062 169403 9789 879 477 854 159614 570 402
internal_count=209910 2646 1584 207264 36761 36434 527 35907 35424 1235 672 483 563 467 170503 169624 1062 169403 9789 879 477 854 159614 570 402
is_linear=0
shrinkage=0.03


Tree=15
num_leaves=30
num_cat=0
split_feature=25 1 9 2 16 25 4 16 28 25 5 28 16 16 30 1 32 19 29 28 11 1 7 1 1 16 27 29 9
split_gain=5.61617 4.19805 5.51486 3.14132 3.01389 2.33801 1.41394 1.41978 1.50499 1.61504 1.31637 1.31396 2.13061 1.31164 4.17904 1.67729 1.26263 0.919952 0.739637 0.70734 0.595607 0.572928 0.545535 0.5013 1.02106 0.524398 0.435977 0.430715 0.363132
threshold=2.1061912775039677 4.4419095516204843 3.1101834774017338 1.8802700638771059 2.0223040580749516 3.4115585088729863 0.52726885676383983 0.95863041281700145 -0.010176283307373522 -2.0467989444732662 1.2329552769660952 -0.12330050393939017 3.076195597648621 2.5433518886566167 -1.9631947875022886 2.2363841533660893 3.0562978982925419 0.84562909603118908 -0.45337092876434321 -0.85206860303878773 -1.7173383235931394 -1.3360631465911863 -0.0098196584731340391 0.58554241061210643 -0.0084025473333895189 0.89835640788078319 0.87264117598533641 0.222721703350544 -0.61933898925781239
decision_type=2 2 2 2 2 2 2 2 2 2 2 2 2 2 2 2 2 2 2 2 2 2 2 2 2 2 2 2 2
left_child=1 6 27 16 -5 11 10 21 9 -9 13 12 -6 15 -15 -1 18 -7 -2 -12 -10 28 -23 24 -20 -25 -21 -3 -8
right_child=3 2 -4 4 5 17 7 8 20 -11 19 -13 -14 14 -16 -17 -18 -19 23 26 -22 22 -24 25 -26 -27 -28 -29 -30
leaf_value=-7.4563567567032229e-05 -0.0010180812729162847 0.0012095259048274364 0.0055403953803833889 -0.00061378653540935103 0.0016739308015035021 0.0023976560503892277 -0.00031475693090974395 -0.0011521136578589192 0.0026864888286443852 0.00041672219991174711 -0.0023527609926116255 0.0017749197173706098 0.0052149294610864382 -0.0047683461483944319 -0.00038097031304591721 0.00058880176667587211 -0.0014311744683686365 -0.00016961808238784355 0.00090228964194588221 -1.8409243895893054e-05 0.0010333612018187204 0.00015533641575316093 -2.7270079479666753e-05 0.00017922383130362796 -0.00073131571117865575 0.0019685532442173742 -0.00077634386638987724 -0.00058401965559989378 -0.0018322188951960447
leaf_weight=121634 228 217 276 338 235 202 383 659 227 5345 205 353 470 201 3826 3525 301 318 1337 967 1399 23202 40279 212 459 487 2323 259 223
leaf_count=121634 228 217 276 338 235 202 383 659 227 5345 205 353 470 201 3826 3525 301 318 1337 967 1399 23202 40279 212 459 487 2323 259 223
internal_value=1.77463e-06 -2.23062e-05 0.00220764 0.00100082 0.00194964 0.00249892 -3.05642e-05 7.67552e-05 0.000463466 0.000243711 -8.85734e-05 0.00330598 0.0040547 -7.3017e-05 -0.000605599 -5.58577e-05 0.000397428 0.000841006 0.000601814 -0.000662658 0.00127168 3.0682e-05 3.94787e-05 0.000751585 0.000483921 0.00143099 -0.000553937 0.0002377 -0.000883587
internal_weight=210090 205150 752 4940 1916 1578 204398 71717 7630 6004 132681 1058 705 129186 4027 125159 3024 520 2723 3495 1626 64087 63481 2495 1796 699 3290 476 606
internal_count=210090 205150 752 4940 1916 1578 204398 71717 7630 6004 132681 1058 705 129186 4027 125159 3024 520 2723 3495 1626 64087 63481 2495 1796 699 3290 476 606
is_linear=0
shrinkage=0.03


Tree=16
num_leaves=31
num_cat=0
split_feature=6 2 10 28 34 32 16 33 2 30 4 16 6 33 18 28 16 20 7 20 23 25 23 7 16 34 6 32 25 33
split_gain=5.82135 3.41614 2.12207 2.00035 1.50162 1.21438 1.73168 1.86533 1.18845 1.90098 2.7301 2.71032 1.45677 1.475 1.07825 1.01688 1.67939 1.05878 1.01042 0.998672 0.94099 0.927531 0.983693 0.897536 0.847175 0.814132 1.11938 0.674347 0.655059 0.644151
threshold=2.4816184043884282 1.385384261608124 -0.020388601347804066 -0.29332080483436579 -0.29784268140792841 3.0562978982925419 2.1095044612884526 3.4160044193267827 0.84157210588455211 -1.6334901452064512 -0.81008440256118763 2.9097304344177251 -1.1196637153625486 3.6193139553070073 2.2579386234283452 -0.95476102828979481 0.088413320481777205 0.58105376362800609 0.90821045637130748 0.37339586019515997 2.448457002639771 1.2217172980308535 1.966123163700104 -0.35521879792213434 2.9097304344177251 1.4408816099166872 -1.0032554864883421 -0.30372826755046839 1.9891276359558108 3.7921808958053593
decision_type=2 2 2 2 2 2 2 2 2 2 2 2 2 2 2 2 2 2 2 2 2 2 2 2 2 2 2 2 2 2
left_child=8 3 4 20 24 6 -4 -8 15 11 18 25 -12 -14 -6 16 17 -1 -11 -7 27 -5 28 -17 -3 26 -10 -2 -23 -21
right_child=1 2 5 21 14 19 7 -9 9 10 12 -13 13 -15 -16 23 -18 -19 -20 29 -22 22 -24 -25 -26 -27 -28 -29 -30 -31
leaf_value=-0.00070537446539547675 -0.00032239059978662042 0.0002107418769364298 -9.3802060326283852e-05 0.0010976126169450844 0.0055827724478732677 0.0018890537385511602 0.0030322460885397894 -0.0002304621695273942 -0.0024816815936784171 0.00089469773648362427 0.0019964549674824365 -0.0041229411251665817 0.0001500425891540148 -0.0013855147847804579 0.0024568322510854115 6.4829117500846373e-05 0.0012044640618234089 -0.0025558876113531627 0.0037682438165321944 -0.0014118477762488455 -0.00048844978926889738 -0.00093943827247009414 -0.0014162763755184741 -9.3465281578927493e-05 0.0027570654998575759 0.00098561343151056359 -0.00016169355586604322 0.0015338399147341391 0.00073335031593847722 0.00069576088731992058
leaf_weight=1667 201 207 369 314 222 202 729 200 260 204 373 202 32331 568 201 43777 357 331 245 318 321 355 808 122264 270 285 640 1335 503 215
leaf_count=1667 201 207 369 314 222 202 729 200 260 204 373 202 32331 568 201 43777 357 331 245 318 321 355 808 122264 270 285 640 1335 503 215
internal_value=1.38272e-06 0.000866484 0.00163638 0.000276613 0.0028467 0.00109491 0.00164493 0.00233236 -2.74173e-05 0.000131348 0.000176172 -0.000955143 0.000144621 0.000123325 0.00414345 -6.05205e-05 -0.000678876 -0.00101756 0.0024869 0.00011902 0.000982652 -0.000386373 -0.000668515 -5.173e-05 0.00166571 -0.000400092 -0.00084192 0.00129068 3.97963e-05 -0.000563122
internal_weight=210274 6770 2933 3837 900 2033 1298 929 203504 35108 33721 1387 33272 32899 423 168396 2355 1998 449 735 1857 1980 1666 166041 477 1185 900 1536 858 533
internal_count=210274 6770 2933 3837 900 2033 1298 929 203504 35108 33721 1387 33272 32899 423 168396 2355 1998 449 735 1857 1980 1666 166041 477 1185 900 1536 858 533
is_linear=0
shrinkage=0.03


Tree=17
num_leaves=31
num_cat=0
split_feature=6 2 25 28 2 4 33 7 9 33 9 10 5 16 6 5 19 6 33 28 16 7 32 31 25 2 18 6 14 12
split_gain=5.22893 2.85145 3.25548 3.03318 1.66319 1.98791 2.28743 2.28615 1.77374 1.47461 1.39576 1.37773 1.25734 1.51137 1.23752 1.12611 0.979118 0.894419 1.09438 0.859453 0.816634 0.802159 0.717763 0.566496 0.565194 0.562418 0.525525 0.487434 0.465962 0.350646
threshold=3.9919699430465703 2.1163514852523808 3.4115585088729863 -0.25035488605499262 0.84157210588455211 -0.71051597595214833 3.4160044193267827 2.6278800964355473 3.4971079826354985 3.239854216575623 3.6631493568420415 0.86444008350372326 -2.97380518913269 0.95863041281700145 -1.0702139139175413 1.1733544468879702 1.3350590467453005 1.5309172272682192 1.2731192111968996 -0.85206860303878773 2.3176079988479619 -0.36238184571266169 1.3002100586891177 0.15900860726833346 1.6484518647193911 -0.79805064201354969 2.5844871997833256 -0.84571024775505055 2.623915553092957 0.45223045349121099
decision_type=2 2 2 2 2 2 2 2 2 2 2 2 2 2 2 2 2 2 2 2 2 2 2 2 2 2 2 2 2 2
left_child=4 9 3 -3 15 8 12 11 20 23 -9 -8 14 -14 -7 17 -4 21 25 -17 -6 22 -1 -2 -20 -19 28 -23 -25 -21
right_child=1 2 16 -5 5 6 7 10 -10 -11 -12 -13 13 -15 -16 19 -18 18 24 29 -22 27 -24 26 -26 -27 -28 -29 -30 -31
leaf_value=6.2657378569895585e-05 -0.00042022247735515301 0.0056642309685703369 0.0019379902577317185 0.0016314360641157359 0.0016831943725911325 -0.0027495537601077086 0.00086703147106597332 -0.0046060266553831757 0.0031015567608407416 -0.0018836494664459936 -0.001225410121665716 -0.0019482215969077075 2.1625779602838148e-05 0.000425503289046119 -0.00031136727785513392 -0.0021443469278642799 -0.00077475205030689827 0.0013322147740952035 -0.0014854811862802231 -0.00059021858107577505 -0.00051210618542869932 -0.00027981178338494072 -0.0015625073803445357 0.00099716975693949134 8.591546889733572e-05 0.00039606986162663525 0.00048177137742798012 -7.7633574892547189e-05 0.0028900536106719462 -0.00011751877701653644
leaf_weight=42660 256 355 223 325 273 228 448 211 374 205 234 234 18653 15077 965 257 248 696 377 3271 334 11953 241 268 446 3334 517 104805 215 2488
leaf_count=42660 256 355 223 325 273 228 448 211 374 205 234 234 18653 15077 965 257 248 696 377 3271 334 11953 241 268 446 3334 517 104805 215 2488
internal_value=-3.75634e-06 0.00132886 0.00244234 0.00376277 -2.05581e-05 0.000161665 0.000125298 -0.00120197 0.00149068 0.000446302 -0.00286172 -0.000106055 0.000168297 0.000202192 -0.000786872 -6.01324e-05 0.000516491 -4.53826e-05 0.000355631 -0.000463104 0.000480922 -5.75826e-05 5.33469e-05 0.00083255 -0.000638534 0.000559197 0.00115376 -9.83425e-05 0.00186074 -0.000386282
internal_weight=210171 2612 1151 680 207559 37031 36050 1127 981 1461 445 682 34923 33730 1193 170528 471 164512 4853 6016 607 159659 42901 1256 823 4030 1000 116758 483 5759
internal_count=210171 2612 1151 680 207559 37031 36050 1127 981 1461 445 682 34923 33730 1193 170528 471 164512 4853 6016 607 159659 42901 1256 823 4030 1000 116758 483 5759
is_linear=0
shrinkage=0.03


Tree=18
num_leaves=27
num_cat=0
split_feature=1 33 14 1 27 2 30 16 9 1 28 7 33 7 5 23 2 16 14 7 11 28 12 18 8 23
split_gain=4.61142 6.89948 3.58187 3.0179 1.34996 1.55817 2.34085 4.21247 1.81756 1.21587 2.09731 1.39665 1.21971 1.17149 1.01154 1.00103 0.968609 1.18769 0.905536 0.649093 0.679516 0.618262 0.388563 0.351491 0.282877 0.230712
threshold=4.4419095516204843 3.0204142332077031 2.2314555644989018 0.6914915442466737 0.91841474175453197 0.84157210588455211 -1.6334901452064512 2.6631938219070439 3.9736448526382451 -0.22408354282379148 -0.30334207415580744 0.20168272405862811 3.239854216575623 1.8061016798019411 1.1895508170127871 2.6558421850204472 1.8802700638771059 2.9097304344177251 -0.36828465759754175 -0.35521879792213434 -2.6019443273544307 -0.85206860303878773 -0.97290775179862965 2.5844871997833256 -0.40407484769821161 -0.4882854670286178
decision_type=2 2 2 2 2 2 2 2 2 2 2 2 2 2 2 2 2 2 2 2 2 2 2 2 2 2
left_child=2 25 4 9 5 19 7 -7 -8 10 11 -4 -12 14 18 24 23 -18 -6 22 -21 -16 -1 -5 -11 -2
right_child=1 -3 3 16 13 6 8 -9 -10 15 12 -13 -14 -15 21 -17 17 -19 -20 20 -22 -23 -24 -25 -26 -27
leaf_value=-0.00024098075303034439 -0.00019993874981688955 0.0062884372530791618 0.0024695854260034268 0.0017431732144806316 -0.00045436930621364221 -0.00023454487252764662 0.00024630598116217711 -0.0046785946392740767 0.0029662544662712323 -0.00069239973942841922 0.00047288171101349404 -0.00035404764389133323 -0.0019509435465645997 -0.0023132627390994088 -0.0022364409650967943 -0.0023562653829136341 0.0013069484226888464 0.0039261025834547133 -3.5817773398625069e-05 0.0010562617848252158 -7.9860520604614456e-05 -0.00056972507280199922 9.1541781777920906e-05 0.00016459025416477787 0.0004231276647514341 0.0010468369574567588
leaf_weight=3437 310 255 695 348 6026 1072 26793 229 218 334 673 202 253 232 209 200 266 397 20352 471 103364 3335 39004 200 511 228
leaf_count=3437 310 255 695 348 6026 1072 26793 229 218 334 673 202 253 232 209 200 266 397 20352 471 103364 3335 39004 200 511 228
internal_value=-5.94664e-07 0.0022756 -9.2928e-06 0.000870427 -2.684e-05 5.1764e-06 0.000208871 -0.0010317 0.000268803 0.000338764 0.00080563 0.00183528 -0.000196272 -0.000212181 -0.000195507 -0.000475642 0.00212299 0.00289293 -0.000131503 -3.42548e-05 -7.46564e-05 -0.000671028 6.45879e-05 0.00117375 -1.92819e-05 0.000333209
internal_weight=209614 793 208821 4079 204742 174588 28312 1301 27011 2868 1823 897 926 30154 29922 1045 1211 663 26378 146276 103835 3544 42441 548 845 538
internal_count=209614 793 208821 4079 204742 174588 28312 1301 27011 2868 1823 897 926 30154 29922 1045 1211 663 26378 146276 103835 3544 42441 548 845 538
is_linear=0
shrinkage=0.03


Tree=19
num_leaves=31
num_cat=0
split_feature=6 1 5 28 5 15 15 0 12 16 9 14 1 1 1 16 24 14 7 16 0 5 0 28 9 5 14 16 15 16
split_gain=4.87155 4.3188 2.25997 2.08434 1.5732 1.56505 1.43165 1.58496 3.25931 2.08724 1.36447 1.24301 1.17295 1.11467 1.64823 1.06273 0.999083 0.99263 1.73785 1.13845 0.931914 0.903592 0.876085 0.779717 0.883439 0.628857 0.614396 1.12374 0.638276 0.588947
threshold=2.4816184043884282 1.1069572567939761 -1.7717330455780027 -0.44518624246120447 1.0248134136199953 1.3097482323646548 -0.2981888204813003 -3.1437351703643794 2.0054358243942265 3.4201169013977055 3.2932053804397587 -2.3370976448059078 -0.25957772135734553 -0.28722710907459253 -0.48838569223880762 2.4255692958831792 -2.3985754251480098 -3.1417291164398189 1.6947495341300967 1.0606322288513186 0.67974919080734264 1.3372334241867068 2.0587397813797002 -0.18807552754878995 1.8481781482696535 -3.0979982614517207 -0.45495766401290888 1.8018060922622683 2.0254774093627934 2.5433518886566167
decision_type=2 2 2 2 2 2 2 2 2 2 2 2 2 2 2 2 2 2 2 2 2 2 2 2 2 2 2 2 2 2
left_child=6 3 -3 13 10 20 7 8 25 17 15 -11 -12 14 -2 -5 29 18 -9 -19 -4 26 -15 24 -7 -1 27 -18 -28 -8
right_child=1 2 5 4 -6 23 16 9 -10 11 12 -13 -14 22 -16 -17 21 19 -20 -21 -22 -23 -24 -25 -26 -27 28 -29 -30 -31
leaf_value=-0.0013850879926389332 0.00095220203409768201 0.0049706675547411218 0.0046589965702899328 0.00018542095525434893 -0.0013740592200812243 0.0029442833895182569 -0.00053901034476422046 0.00044521280246464389 0.0039086025954970767 -0.0029375869191878546 -0.0027770469203747591 -0.0003183133568538269 0.00033498077693091649 0.00093691227673463947 0.0036572783439164729 0.0018578823360748632 -0.0002950752109758974 3.8507202357173514e-05 -0.0033391658227259723 0.00036878086761251214 0.0017536367248400019 -0.00083300443412387382 -0.0010536217125177807 0.0003369462723074649 0.00050243303750948862 0.00091076328340660762 -3.2236354421350274e-05 0.00064885521775590407 -0.00060221138739806747 -0.0019766310855229004
leaf_weight=204 605 208 205 1505 714 309 1265 229 289 320 223 330 207 780 304 438 16734 60973 202 11099 207 1402 262 605 236 216 106900 1213 1793 319
leaf_count=204 605 208 205 1505 714 309 1265 229 289 320 223 330 207 780 304 438 16734 60973 202 11099 207 1402 262 605 236 216 106900 1213 1793 319
internal_value=2.79034e-07 0.000789384 0.00206199 0.000340676 -0.00014459 0.00166004 -2.61404e-05 7.9272e-05 0.00148589 6.55384e-05 0.00022745 -0.00162038 -0.0012923 0.0011069 0.00187193 0.000566236 -8.6206e-05 8.07636e-05 -0.00134639 8.9391e-05 0.00323779 -7.69249e-05 0.000433772 0.00108323 0.00190108 -0.00020754 -6.85219e-05 -0.000231114 -4.16659e-05 -0.00083384
internal_weight=210296 6808 1770 5038 3087 1562 203488 73862 709 73153 2373 650 430 1951 909 1943 129626 72503 431 72072 412 128042 1042 1150 545 420 126640 17947 108693 1584
internal_count=210296 6808 1770 5038 3087 1562 203488 73862 709 73153 2373 650 430 1951 909 1943 129626 72503 431 72072 412 128042 1042 1150 545 420 126640 17947 108693 1584
is_linear=0
shrinkage=0.03


Tree=20
num_leaves=31
num_cat=0
split_feature=6 5 29 5 10 32 16 27 28 28 19 5 30 0 14 16 33 23 16 14 15 23 33 6 13 10 29 16 32 28
split_gain=4.8732 2.47838 1.74974 2.22456 2.13653 1.74249 3.41689 1.29406 1.24002 1.23586 1.2132 1.12264 0.995085 3.26155 5.43414 3.02735 1.41982 1.19258 1.13647 0.943531 0.633239 0.722784 1.1406 0.673423 0.557426 0.500559 0.440862 0.355497 0.449142 0.283292
threshold=2.4816184043884282 1.0248134136199953 -0.45337092876434321 -0.66658300161361683 -0.68029931187629689 3.0562978982925419 3.076195597648621 0.88818269968032848 -0.42017599940299982 0.56700721383094799 -0.7372530698776244 1.411615312099457 -1.6671932339668272 -3.1437351703643794 -2.6739042997360225 2.4255692958831792 2.6609526872634892 -3.247793316841125 0.29412473738193518 1.2037220001220705 -2.4667491912841792 -0.4882854670286178 2.42042088508606 0.7952919900417329 1.4997854232788088 0.93931761384010326 0.071371559053659453 0.20824493467807773 1.5095598697662356 -0.8904743194580077
decision_type=2 2 2 2 2 2 2 2 2 2 2 2 2 2 2 2 2 2 2 2 2 2 2 2 2 2 2 2 2 2
left_child=7 2 25 4 -4 6 -5 12 26 -7 -6 20 15 14 -14 27 -17 -15 -19 -10 -9 23 -23 -22 -21 -2 -3 29 -29 -1
right_child=1 8 3 5 10 9 -8 11 19 -11 -12 -13 13 17 -16 16 -18 18 -20 24 21 22 -24 -25 -26 -27 -28 28 -30 -31
leaf_value=-0.0010659992176032906 0.00018312744561076533 -0.00030089376056969549 0.0051205708941590138 0.0007761277325921131 0.000564509990091658 -0.0015114121536993984 0.0035001907987920245 -0.001832081674788655 0.00056233951956749907 0.0013457840098886416 0.002845010066206223 -0.0015966851045075819 0.0060481291026449596 -0.0018038647502284641 -5.5169024328055805e-05 -0.0010418652823245794 -0.0044248032161796633 -2.8142029476306401e-05 0.00015947954453968818 -0.00074366727714906817 0.00016507082676726618 -0.00017608834033194429 -0.0013347744144375563 0.0018121050063224339 -0.0026022966575064677 -0.0016895788247150015 0.0012949368569394222 -0.00075641646805664649 7.2066001445338069e-05 -7.5256437003699689e-06
leaf_weight=232 339 253 216 2606 397 399 489 204 225 201 448 512 210 320 337 235 215 125703 37786 287 1198 27086 782 270 301 201 394 1698 899 5722
leaf_count=232 339 253 216 2606 397 399 489 204 225 201 448 512 210 320 337 235 215 125703 37786 287 1198 27086 782 270 301 201 394 1698 899 5722
internal_value=-2.62058e-06 0.00078974 0.00109121 0.00127485 0.00248346 0.000924915 0.00121147 -2.89567e-05 -0.0003038 -0.00055104 0.0017832 -0.000210678 2.55051e-06 1.93747e-05 0.00232152 -0.000304494 -0.00268902 1.16166e-05 1.52251e-05 -0.00108083 -0.000186389 -0.000174635 -0.000208836 0.000473122 -0.00170903 -0.000523041 0.000673388 -0.000177509 -0.000470034 -4.96293e-05
internal_weight=210165 6756 5296 4756 1061 3695 3095 203409 1460 600 845 30052 173357 164356 547 9001 450 163809 163489 813 29540 29336 27868 1468 588 540 647 8551 2597 5954
internal_count=210165 6756 5296 4756 1061 3695 3095 203409 1460 600 845 30052 173357 164356 547 9001 450 163809 163489 813 29540 29336 27868 1468 588 540 647 8551 2597 5954
is_linear=0
shrinkage=0.03


Tree=21
num_leaves=31
num_cat=0
split_feature=6 2 2 5 33 19 1 6 29 15 33 15 32 15 29 13 6 13 1 2 5 5 11 23 5 2 29 5 1 5
split_gain=5.12378 2.84573 1.91432 3.45613 1.74441 1.57003 1.43455 1.26314 1.45917 1.10826 1.39091 3.51499 1.66283 1.12336 1.0921 0.997754 1.85209 0.949972 0.943593 0.875411 0.825935 0.793307 0.691647 0.621201 0.767689 0.603547 0.585465 0.581156 0.579122 0.546892
threshold=3.6467404365539555 1.385384261608124 3.1803990602493291 -1.316885709762573 3.0204142332077031 0.83081483840942394 3.7090348005294804 1.3562181591987612 0.62158632278442394 -0.2981888204813003 3.4160044193267827 -2.859154105186462 2.8603147268295293 -1.7423449754714964 -0.34770467877387995 -1.9642586112022398 0.98470598459243786 -3.0658706426620479 1.72083055973053 1.5262062549591067 1.1733544468879702 -2.7113338708877559 -1.5138394832611082 2.0664566755294804 0.92884561419487011 -1.3117818236351011 -0.63137179613113392 -2.7113338708877559 1.1069572567939761 -2.97380518913269
decision_type=2 2 2 2 2 2 2 2 2 2 2 2 2 2 2 2 2 2 2 2 2 2 2 2 2 2 2 2 2 2
left_child=6 14 3 -3 5 -5 9 8 21 10 12 -12 17 -14 -2 16 27 -1 -6 -10 26 -8 -23 24 -16 -22 -17 -11 -25 -13
right_child=1 2 -4 4 18 -7 7 -9 19 15 11 29 13 -15 23 20 -18 -19 -20 -21 25 22 -24 28 -26 -27 -28 -29 -30 -31
leaf_value=-0.0012800372050635091 -0.0018819391489307191 0.00589007786753383 -0.00069973462666445344 0.00092274912354553876 -0.00010608410558113492 0.0036011902383893484 0.0025125219596719203 0.0026388007492437774 0.0002430590253648718 -0.0022347383754662943 -0.0032134617749908279 0.0016211476965650726 0.0019455386936103108 0.0002323667851093316 0.0021439825507227109 -0.00020278609585700882 0.0015761920683446146 7.0367111949427009e-05 0.0023023682443622071 -0.0023589883877119318 -0.0010300825289573979 -0.00092781514693682612 0.00095833212661866542 -0.00057617614588667272 -0.00020278105668774336 -0.00026347023978656389 -2.1593030631257023e-05 -0.00070604495070422245 0.001241128961252661 -0.00026466593598911458
leaf_weight=467 200 200 226 314 493 544 237 273 244 241 397 212 704 673 328 18996 313 70277 203 216 1146 209 971 560 200 4725 103331 2674 214 379
leaf_count=467 200 200 226 314 493 544 237 273 244 241 397 212 704 673 328 18996 313 70277 203 216 1146 209 971 560 200 4725 103331 2674 214 379
internal_value=-1.23502e-07 0.00114028 0.00188579 0.00221998 0.00173026 0.00263199 -1.93628e-05 0.000750618 0.000469711 -2.74747e-05 6.61521e-05 -0.001049 8.15004e-05 0.00111211 0.00015451 -7.95575e-05 -0.000600065 6.13629e-05 0.000607793 -0.000990999 -6.64284e-05 0.000945717 0.000621755 0.000473331 0.00126149 -0.00041386 -4.97374e-05 -0.000836041 -6.8976e-05 0.000419727
internal_weight=210167 3482 1980 1754 1554 858 206685 2150 1877 204535 73109 988 72121 1377 1502 131426 3228 70744 696 460 128198 1417 1180 1302 528 5871 122327 2915 774 591
internal_count=210167 3482 1980 1754 1554 858 206685 2150 1877 204535 73109 988 72121 1377 1502 131426 3228 70744 696 460 128198 1417 1180 1302 528 5871 122327 2915 774 591
is_linear=0
shrinkage=0.03


Tree=22
num_leaves=30
num_cat=0
split_feature=6 1 5 9 4 4 5 0 1 7 32 4 6 27 4 15 13 14 1 18 31 14 27 5 7 28 33 5 14
split_gain=4.28655 2.59091 4.56049 2.98988 2.72848 1.98832 1.30039 1.20275 1.14847 2.52614 1.57537 1.22015 1.42344 1.5632 1.16026 1.07317 1.31203 1.39263 1.16264 1.0122 0.972832 0.934599 0.78861 0.773658 0.666555 1.47329 0.522539 0.344637 0.288983
threshold=3.9919699430465703 2.5623483657836919 0.022920513525605205 3.2932053804397587 0.35233294963836675 1.0619160532951357 0.85125127434730541 2.3424434661865239 3.7090348005294804 1.8680971264839175 1.9349735975265505 0.52726885676383983 2.9506320953369145 0.85890939831733715 0.23765670508146289 -0.1886155307292938 -2.2894346714019771 1.2606339454650881 3.3362547159194951 -0.38473153114318842 0.67677819728851329 0.9253344237804414 -0.32571135461330408 1.2329552769660952 0.11798963695764543 -0.61097985506057728 2.5384185314178471 -1.6237785220146177 3.3274799585342412
decision_type=2 2 2 2 2 2 2 2 2 2 2 2 2 2 2 2 2 2 2 2 2 2 2 2 2 2 2 2 2
left_child=8 3 -3 4 7 6 -6 20 11 10 14 15 24 -14 22 18 17 -17 21 -12 -2 -1 -10 -18 26 -26 -13 -16 -5
right_child=1 2 -4 28 5 -7 -8 -9 9 -11 19 12 13 -15 27 16 23 -19 -20 -21 -22 -23 -24 -25 25 -27 -28 -29 -30
leaf_value=1.185122098459016e-05 -0.00056639808408083178 0.0065718248988638015 0.00042096893780546471 -0.0017907717752691712 0.0049756621816777619 0.00048396565723123785 0.001871807345477539 -0.0011583279129179043 0.00020727743155820742 0.0031718669373151515 -0.0019546497671422362 2.8638005794403544e-05 0.0034069668041556722 0.00024461639594147114 0.00059503627623088925 -0.0013898354540340509 -0.00011460284547192785 0.0012260461563458524 -0.0017740576340450728 0.00043096181301786733 0.0019980063362727042 0.00082344148400456728 0.0022393483414275147 -0.00059000695186354969 -0.00057404574165003254 0.0004287151405675566 -0.0013978283017259572 -0.00099565969390543905 -0.00032527172835136861
leaf_weight=53906 203 200 232 310 309 251 213 332 256 305 373 61057 235 342 218 1304 72485 209 318 275 372 1303 525 3213 1541 8981 227 268 201
leaf_count=53906 203 200 232 310 309 251 213 332 256 305 373 61057 235 342 218 1304 72485 209 318 275 372 1303 525 3213 1541 8981 227 268 201
internal_value=-3.36266e-06 0.00120064 0.0033112 0.000777909 0.00138836 0.00269191 0.00373892 0.000268729 -1.86227e-05 0.000659291 0.000251898 -2.59755e-05 7.31048e-05 0.00155078 0.00086622 -8.00055e-05 -0.00015234 -0.00102564 2.05819e-05 -0.00094669 0.00109558 3.10786e-05 0.00157882 -0.000134819 6.11237e-05 0.000281653 2.32407e-05 -0.000283344 -0.00122306
internal_weight=209964 2623 432 2191 1680 773 522 907 207341 2220 1915 205121 72383 577 1267 132738 77211 1513 55527 648 575 55209 781 75698 71806 10522 61284 486 511
internal_count=209964 2623 432 2191 1680 773 522 907 207341 2220 1915 205121 72383 577 1267 132738 77211 1513 55527 648 575 55209 781 75698 71806 10522 61284 486 511
is_linear=0
shrinkage=0.03


Tree=23
num_leaves=31
num_cat=0
split_feature=6 2 11 2 15 0 7 1 33 1 0 6 23 5 12 1 16 14 6 6 1 33 27 12 11 2 2 1 8 27
split_gain=3.40845 2.43122 2.17999 1.36618 1.62815 2.71785 1.45604 1.41736 3.05101 1.16714 1.12959 0.947158 0.905731 0.862833 0.797973 0.770176 0.801896 1.33403 0.95971 0.749664 0.683449 0.677653 0.463528 0.434715 0.416795 0.33872 0.249088 0.223286 0.209274 0.165671
threshold=3.9919699430465703 1.4526908993721011 2.0130617618560795 0.43643140792846685 -3.2031605243682857 -2.852332234382629 2.6278800964355473 4.4419095516204843 2.6609526872634892 -1.2383539676666258 1.0733177065849306 4.9997210502624521 -0.62123465538024891 1.1733544468879702 -0.066740706562995897 3.7090348005294804 2.3176079988479619 -1.4929472804069517 1.5309172272682192 4.9997210502624521 -0.82301905751228321 -0.12404411658644675 1.052683472633362 0.57348847389221203 -0.46905881166458124 -0.51965987682342518 -1.2590531706809995 0.0084946509450674074 -0.20415721833705899 0.31187123060226446
decision_type=2 2 2 2 2 2 2 2 2 2 2 2 2 2 2 2 2 2 2 2 2 2 2 2 2 2 2 2 2 2
left_child=3 19 -3 13 5 -5 -7 9 -9 21 -4 -12 -11 15 -13 16 18 -18 -1 20 -2 -6 26 25 -17 -24 28 -22 -15 -28
right_child=1 2 10 4 7 6 -8 8 -10 12 11 14 -14 22 -16 24 17 -19 -20 -21 27 -23 23 -25 -26 -27 29 -29 -30 -31
leaf_value=-6.2680519347955798e-05 -0.0011339716573417725 0.0038618395037107495 -0.00031872537022008561 0.0010868604073047199 0.00022545093746060007 -0.0011416888317017442 -0.0046022889174710847 -0.0002616601974020611 0.0044987444476345959 0.00031053050824582682 0.002869237662591275 0.0022499554842689141 5.3354571108582719e-05 -0.0013456228487040967 -8.3879691027548335e-05 0.00013759755857135789 0.00073680936014117908 -0.0019145225344690279 0.00043868565078171337 -0.0016795369146111448 0.001542781723410259 -0.0008864008932455837 -0.0011833442758749561 -0.00017892538914466883 0.0016955844952744725 -0.00025376347058219469 0.00061445349004201396 0.0003828827711005471 -0.00027232109446446502 -0.00010571578973611187
leaf_weight=136403 209 355 324 262 705 243 201 291 202 17957 382 224 39280 241 310 281 254 503 3520 201 238 1625 1440 985 341 471 336 400 498 1827
leaf_count=136403 209 355 324 262 705 243 201 291 202 17957 382 224 39280 241 310 281 254 503 3520 201 238 1625 1440 985 341 471 336 400 498 1827
internal_value=-2.33603e-06 0.00106719 0.00180288 -1.59603e-05 0.000103697 -0.00132351 -0.00274212 0.000120583 0.00171444 0.000107249 0.00120028 0.00173639 0.000134059 -6.53919e-05 0.000906897 -5.06661e-05 -5.534e-05 -0.00102591 -5.00526e-05 -5.5737e-05 0.000337199 -0.00055022 -0.000423919 -0.000692127 0.000998445 -0.000955493 -0.000155536 0.000824204 -0.000629033 7.31426e-06
internal_weight=210509 2643 1595 207866 60766 706 444 60060 493 59567 1240 916 57237 147100 534 141302 140680 757 139923 1048 847 2330 5798 2896 622 1911 2902 638 739 2163
internal_count=210509 2643 1595 207866 60766 706 444 60060 493 59567 1240 916 57237 147100 534 141302 140680 757 139923 1048 847 2330 5798 2896 622 1911 2902 638 739 2163
is_linear=0
shrinkage=0.03


Tree=24
num_leaves=31
num_cat=0
split_feature=6 2 5 9 28 29 6 10 9 2 14 27 33 2 30 5 23 5 23 11 14 2 10 28 20 30 28 9 20 2
split_gain=3.73176 2.56692 2.21547 1.99109 1.80866 1.83737 1.78962 1.37237 1.35154 1.23066 0.897179 0.887958 1.4436 1.25052 1.07054 0.896945 0.748936 0.820446 0.712533 0.663093 0.629574 0.72411 0.719651 0.528533 0.488236 0.460291 0.433872 0.480655 0.369592 0.326896
threshold=2.4816184043884282 1.385384261608124 -0.93048268556594838 3.2932053804397587 -0.29834364354610438 0.64860084652900707 3.6467404365539555 0.70493289828300487 3.9736448526382451 1.2939563989639284 3.3274799585342412 0.88818269968032848 3.6193139553070073 0.84157210588455211 -1.7944321632385252 1.3372334241867068 2.448457002639771 0.94285991787910473 1.8039879798889162 -2.6019443273544307 -0.36828465759754175 2.0319621562957768 1.8797593116760256 -0.59928518533706654 2.6129696369171147 0.90729084610939037 1.7615742683410647 2.6061096191406254 1.4849523305892947 -0.64178201556205738
decision_type=2 2 2 2 2 2 2 2 2 2 2 2 2 2 2 2 2 2 2 2 2 2 2 2 2 2 2 2 2 2
left_child=8 4 7 6 16 18 -4 -3 11 -10 -8 12 13 19 -15 20 17 23 -6 -1 22 -22 -13 -2 -5 -20 27 -7 -19 -17
right_child=1 2 3 24 5 26 10 -9 9 -11 -12 15 -14 14 -16 29 -18 28 25 -21 21 -23 -24 -25 -26 -27 -28 -29 -30 -31
leaf_value=0.0011016485982804328 0.0028912273781989692 0.0041643417245015796 7.211993486784906e-05 0.00011305936419291334 -0.00055351259274761372 0.00028033032597343316 0.0025795970012546464 0.0013934524955402593 -0.00012894779178016105 0.002950584501870517 0.00065690623014758823 -0.00050640188259934134 -0.0017976984489186138 -0.00087486834718086197 0.00021982630317407244 -0.0013873297569985564 -0.00042970138069581097 -0.00055146890087540081 -0.0013793656066223815 -3.671830571610221e-05 -4.0700655579371002e-05 -0.00093379094551940397 0.00067812752640139182 0.0012528417563562168 -0.0017924707509273385 -0.0033103540913029775 -0.00083838267810753067 0.0019013497454099303 0.00092139588814934832 -0.00016033401828430974
leaf_weight=457 252 351 614 253 442 682 842 307 210 257 300 5827 397 824 26822 731 327 258 268 144593 21741 844 497 628 226 202 206 213 364 268
leaf_count=457 252 351 614 253 442 682 842 307 210 257 300 5827 397 824 26822 731 327 258 268 144593 21741 844 497 628 226 202 206 213 364 268
internal_value=-1.37843e-06 0.000693121 0.00136725 0.000912958 0.000184389 -0.000435603 0.00137985 0.0028918 -2.43835e-05 0.00157909 0.00207958 -2.81111e-05 -2.02829e-06 2.15159e-06 0.000187046 -0.00017904 0.000866081 0.00114867 -0.00142773 -3.30939e-05 -0.000148398 -7.42747e-05 -0.000412848 0.0017357 -0.00079523 -0.00223539 0.000388953 0.000674535 0.000310939 -0.0010606
internal_weight=210203 6735 2893 2235 3842 2013 1756 658 203468 467 1142 203001 173093 172696 27646 29908 1829 1502 912 145050 28909 22585 6324 880 479 470 1101 895 622 999
internal_count=210203 6735 2893 2235 3842 2013 1756 658 203468 467 1142 203001 173093 172696 27646 29908 1829 1502 912 145050 28909 22585 6324 880 479 470 1101 895 622 999
is_linear=0
shrinkage=0.03


Tree=25
num_leaves=31
num_cat=0
split_feature=6 1 28 4 1 29 1 33 9 0 6 23 33 16 25 4 9 15 13 33 32 9 9 27 29 30 6 1 16 16
split_gain=3.59803 2.75984 1.94875 1.70847 2.37291 1.6661 1.55064 1.43998 1.50597 1.10491 1.20139 1.05871 1.04308 3.12127 1.0168 1.01263 0.982094 0.856117 1.39557 2.18262 0.83161 0.752632 0.857958 0.750864 0.701538 0.782363 0.700091 0.667635 0.63933 0.620559
threshold=2.4816184043884282 1.1069572567939761 -0.44861118495464319 0.58763930201530468 4.0106506347656259 0.69056230783462536 -0.26897361874580378 1.9599110484123232 3.1101834774017338 0.65757918357849132 0.47526155412197119 2.6558421850204472 3.4160044193267827 2.4255692958831792 2.600907683372498 1.0000000180025095e-35 2.9125130176544194 -0.15393438190221784 -1.9642586112022398 2.0439561605453496 1.4219034910202029 2.1568317413330083 -0.1789157688617706 -1.6633667349815366 -3.5439479351043697 -2.3705394268035884 3.9919699430465703 -1.0129228830337522 2.6631938219070439 3.4201169013977055
decision_type=2 2 2 2 2 2 2 2 2 2 2 2 2 2 2 2 2 2 2 2 2 2 2 2 2 2 2 2 2 2
left_child=9 2 6 4 11 16 7 -2 -9 10 17 14 13 -7 -3 23 26 24 28 -20 -8 22 -17 -12 -1 -26 -4 -25 -19 -11
right_child=1 3 5 -5 -6 12 20 8 -10 29 15 -13 -14 -15 -16 21 -18 18 19 -21 -22 -23 -24 27 25 -27 -28 -29 -30 -31
leaf_value=0.0010429786936102048 0.00082784763686406934 0.00029948671894048832 -0.00086027358607018614 0.0034518826892097161 0.0039510202544212709 0.00025261128759474991 0.00090597118681611357 0.0050380206888230358 0.0014439835698353168 -0.00014672319036376587 0.001396163982356787 -0.0010525496981033996 -0.00097958910989660018 0.0042745520969119117 0.0024139477649467674 0.00011680084058592882 -0.0026723758882945489 -0.00063283641980544888 -8.2271759580517529e-05 0.0021163184561326636 -0.00089089152406365293 -0.00093685769413056502 0.00064241886000212427 0.00099461683699579237 -0.0013295434934188766 5.1590069837033962e-05 0.00072827341545500469 -0.00027741069705390214 -0.0022225545044329918 -0.0015789135731645158
leaf_weight=634 480 528 1117 389 228 907 631 207 219 45053 283 258 291 210 331 4551 213 2162 63530 404 360 364 7249 398 366 73433 317 4740 251 269
leaf_count=634 480 528 1117 389 228 907 631 207 219 45053 283 258 291 210 331 4551 213 2162 63530 404 360 364 7249 398 366 73433 317 4740 251 269
internal_value=-2.30926e-06 0.000682217 0.000320797 0.00171048 0.00119591 -0.000148317 0.00107468 0.00196819 0.00322857 -2.47949e-05 1.25854e-05 0.000618442 0.000608246 0.00102443 0.00112351 0.000246342 -0.000794976 -1.66212e-05 -9.49767e-05 -6.82144e-05 0.00025203 0.00039827 0.000439835 -9.46163e-05 5.32238e-05 4.46508e-05 -0.000507799 -0.000178006 -0.000802453 -0.000155397
internal_weight=210373 6686 4952 1734 1345 3055 1897 906 426 203687 158365 1117 1408 1117 859 17585 1647 140780 66347 63934 991 12164 11800 5421 74433 73799 1434 5138 2413 45322
internal_count=210373 6686 4952 1734 1345 3055 1897 906 426 203687 158365 1117 1408 1117 859 17585 1647 140780 66347 63934 991 12164 11800 5421 74433 73799 1434 5138 2413 45322
is_linear=0
shrinkage=0.03


Tree=26
num_leaves=31
num_cat=0
split_feature=6 28 15 27 4 27 12 33 15 4 19 0 12 15 31 32 25 6 6 0 32 6 7 19 23 15 25 25 28 7
split_gain=3.52254 2.40359 1.55093 1.35694 1.38934 1.19613 1.13531 1.00664 0.970298 1.04448 0.961876 0.851591 3.52307 1.74016 1.45525 0.790404 0.750784 1.00115 0.739661 0.800906 0.68139 0.664893 0.966501 0.855301 0.730192 0.627599 0.716259 0.611279 0.574532 0.643416
threshold=2.4816184043884282 -0.27216194570064539 -0.22438484430313108 3.0224870443344121 0.48918119072914129 0.54877665638923656 0.24148871749639514 3.4160044193267827 -0.2981888204813003 0.18563362210989001 -2.2326065301895137 -3.1437351703643794 1.9172983169555666 -3.2031605243682857 2.5575500726699834 3.0562978982925419 -0.091722067445516572 1.2144663333892824 0.72561553120613109 0.12964096665382388 0.44810310006141668 0.68167433142662059 0.082613687962293639 1.2460315823554995 0.11905065923929216 2.6128984689712529 1.9891276359558108 2.600907683372498 0.25385022163391119 0.98588296771049511
decision_type=2 2 2 2 2 2 2 2 2 2 2 2 2 2 2 2 2 2 2 2 2 2 2 2 2 2 2 2 2 2
left_child=8 2 -2 4 15 -6 -5 25 11 10 28 12 -1 14 -13 20 17 -12 -15 -20 -3 -11 24 -24 -23 26 -4 -17 29 -10
right_child=1 3 7 6 5 -7 -8 -9 9 21 16 13 -14 18 -16 27 -18 -19 19 -21 -22 22 23 -25 -26 -27 -28 -29 -30 -31
leaf_value=-0.00072105678988694348 0.0037687853780353623 -0.0010655129683804347 0.00041940082718178948 0.0032314592179449463 0.0028919586389240296 0.00019939123626226132 0.0002407020620375988 0.0027605206084353366 -0.00083372602758622217 -3.2035942323607824e-05 -0.0002622360025932301 -0.00034983543789765152 0.0035552120437696792 5.0794551790618333e-05 -0.0035011863545829276 -0.0028189334621870413 -6.5239039587729772e-05 -0.0021047147419295002 0.0012259948558119656 0.00013174788360150908 0.00019036602174186045 0.0012855105843524533 0.00054863248445747919 0.0022622032580295365 4.74883065131738e-05 -0.00027722475346187521 0.0014524259604451434 -0.00054602428211558923 -0.00031620393587121259 -0.0027376865284718774
leaf_weight=404 200 581 974 206 208 493 251 285 435 53891 20651 328 297 70342 217 207 41135 264 1009 1485 1152 443 1528 313 10001 355 1609 220 671 254
leaf_count=404 200 581 974 206 208 493 251 285 435 53891 20651 328 297 70342 217 207 41135 264 1009 1485 1152 443 1528 313 10001 355 1609 220 671 254
internal_value=1.84591e-06 0.000676296 0.00123342 0.000100552 -0.00014282 0.00101315 0.00160922 0.0010705 -2.04931e-05 -7.00018e-05 -0.000157005 6.61076e-05 0.00110306 5.61272e-05 -0.00162502 -0.000519449 -0.000139664 -0.00028599 6.88171e-05 0.000576016 -0.00023253 1.33709e-05 0.000212491 0.000845306 0.000100591 0.000902143 0.00106445 -0.00166775 -0.000944802 -0.00155029
internal_weight=210409 6741 3423 3318 2861 701 457 3223 203668 129586 63410 74082 701 73381 545 2160 62050 20915 72836 2494 1733 66176 12285 1841 10444 2938 2583 427 1360 689
internal_count=210409 6741 3423 3318 2861 701 457 3223 203668 129586 63410 74082 701 73381 545 2160 62050 20915 72836 2494 1733 66176 12285 1841 10444 2938 2583 427 1360 689
is_linear=0
shrinkage=0.03


Tree=27
num_leaves=28
num_cat=0
split_feature=6 2 16 25 23 2 30 0 14 15 1 1 28 16 7 1 32 13 6 14 11 32 27 16 14 23 31
split_gain=3.60164 2.31205 2.18925 2.57643 2.44554 1.14579 1.73984 1.49919 4.2011 3.09046 1.37666 1.12036 1.1139 1.42043 0.832751 0.795864 0.763656 0.757495 0.721363 0.70492 0.609234 0.583644 0.430517 0.424955 0.332047 0.215961 0.204653
threshold=3.9919699430465703 2.1163514852523808 3.7749476432800297 3.4115585088729863 2.2996054887771611 0.40963993966579443 -2.2298989295959468 -3.1437351703643794 -2.6739042997360225 -3.2031605243682857 1.5444250702857973 -1.3360631465911863 -0.8904743194580077 0.099116589874029173 -0.36238184571266169 3.7090348005294804 2.8603147268295293 0.60488447546958934 4.9997210502624521 -2.4793257713317867 -0.46905881166458124 1.3398314714431765 -0.36477045714855189 1.8704276680946352 -0.073614269495010362 2.1728557348251347 -0.97143337130546559
decision_type=2 2 2 2 2 2 2 2 2 2 2 2 2 2 2 2 2 2 2 2 2 2 2 2 2 2 2
left_child=5 16 3 4 -3 12 -7 8 -8 10 -9 -11 13 17 21 19 18 24 23 -16 -17 22 -14 25 -1 -2 -19
right_child=1 2 -4 -5 -6 6 7 9 -10 11 -12 -13 14 -15 15 20 -18 26 -20 -21 -22 -23 -24 -25 -26 -27 -28
leaf_value=-0.0010755344382045232 0.0011186126298563714 0.0022707407202752958 0.00012196612663178373 0.00086359855664351875 0.0065607271141398709 -0.0020066978838014803 0.0046286824585719038 -0.0008696265347528727 -0.00039956926102632681 -0.0011609296199943248 -0.0040701989493997339 0.00011990513379002036 0.00020116531602110938 0.0011480009146695182 0.0011948920020565857 -5.5820784859030046e-05 -0.0012162182141491212 -0.0026670630102346065 -0.00061237585868150607 -0.00010826895359891537 0.0018570018131444652 -0.001452587191136 -2.7885905983504826e-06 0.0021393634257857864 -0.00031305695926164785 2.0934830957082677e-05 -0.0013107453701927268
leaf_weight=930 369 264 358 330 227 349 240 283 382 616 211 60239 14812 344 370 274 245 223 318 101063 325 222 25083 231 1155 284 212
leaf_count=930 369 264 358 330 227 349 240 283 382 616 211 60239 14812 344 370 274 245 223 318 101063 325 222 25083 231 1155 284 212
internal_value=-3.05241e-06 0.00109994 0.00208319 0.00293247 0.00430024 -1.70487e-05 9.0526e-05 0.000102498 0.00156203 8.7574e-05 -0.00226376 0.000106846 -6.3281e-05 -0.000648533 -5.1467e-05 -9.69962e-05 0.000294386 -0.000895562 0.000606051 -0.000103457 0.000988802 6.4328e-05 7.295e-05 0.00104533 -0.000654914 0.000645002 -0.00202846
internal_weight=209959 2626 1179 821 491 207333 62320 61971 622 61349 494 60855 145013 2864 142149 102032 1447 2520 1202 101433 599 40117 39895 884 2085 653 435
internal_count=209959 2626 1179 821 491 207333 62320 61971 622 61349 494 60855 145013 2864 142149 102032 1447 2520 1202 101433 599 40117 39895 884 2085 653 435
is_linear=0
shrinkage=0.03


Tree=28
num_leaves=26
num_cat=0
split_feature=1 33 25 1 4 16 19 16 9 16 1 23 4 16 16 23 5 33 10 20 33 1 32 25 29
split_gain=3.2082 6.665 2.79723 1.69445 1.65221 4.15547 1.27883 1.239 1.05988 1.46901 3.34535 0.997881 1.00733 1.20706 0.930898 0.901306 0.84775 1.51489 1.38611 0.761604 0.597585 0.418369 0.359842 0.353838 0.284539
threshold=4.4419095516204843 3.239854216575623 2.1061912775039677 0.6914915442466737 0.59625104069709789 2.9097304344177251 -2.9698997735977168 2.5433518886566167 3.2932053804397587 2.4255692958831792 -0.27808202803134913 -0.56382042169570912 0.37021601200103765 0.95863041281700145 2.5433518886566167 2.448457002639771 -2.0149227380752559 2.6609526872634892 2.6360839605331425 1.8707926869392397 2.42042088508606 -0.44316104054450983 2.1941086053848271 2.600907683372498 0.94005540013313305
decision_type=2 2 2 2 2 2 2 2 2 2 2 2 2 2 2 2 2 2 2 2 2 2 2 2 2
left_child=2 20 6 8 19 -6 7 22 9 15 -11 16 14 -14 -13 -4 18 -18 -8 23 -2 -10 -1 -5 -21
right_child=1 -3 3 4 5 -7 11 -9 21 10 -12 12 13 -15 -16 -17 17 -19 -20 24 -22 -23 -24 -25 -26
leaf_value=-0.0011314072518258183 -0.00041656974231449209 0.0064708283863039199 0.00039899508090650602 0.00074016514154741679 -6.8422965721485801e-05 0.0057669866677211934 -0.00024163694074182351 -0.002724440053472576 -0.0017731846461914471 0.0031421298863656471 -0.00083269496092875706 -0.00011424882907544723 -8.8931031837151353e-06 0.00045295107503947555 -0.00095306586761773288 -0.0012971544539296855 0.00013062296701547212 0.0018709068710386118 0.00200350358152269 -0.00085433115848255429 0.0015674157396614854 -1.6924452936964291e-05 0.00050940948897467623 0.0021884260736016407 0.00069733526401621708
leaf_weight=224 394 206 1836 282 203 234 8430 301 258 498 304 83798 61005 5552 1203 328 42796 450 250 215 203 228 249 344 201
leaf_count=224 394 206 1836 282 203 234 8430 301 258 498 304 83798 61005 5552 1203 328 42796 450 250 215 203 228 249 344 201
internal_value=8.41722e-07 0.00188757 -6.44568e-06 0.000699242 0.00154715 0.00308615 -2.34984e-05 -0.00123669 0.000334248 0.000547218 0.00163964 -1.88535e-05 -5.77398e-05 2.96638e-05 -0.000126176 0.00013951 9.46399e-05 0.000148946 -0.000175857 0.000890054 0.000265467 -0.000957823 -0.000271344 0.00154705 -0.00010523
internal_weight=209992 803 209189 4931 1479 437 204258 774 3452 2966 802 203484 151558 66557 85001 2164 51926 43246 8680 1042 597 486 473 626 416
internal_count=209992 803 209189 4931 1479 437 204258 774 3452 2966 802 203484 151558 66557 85001 2164 51926 43246 8680 1042 597 486 473 626 416
is_linear=0
shrinkage=0.03


Tree=29
num_leaves=31
num_cat=0
split_feature=6 2 5 9 2 28 9 13 5 10 23 9 28 20 28 16 20 6 32 6 5 16 29 5 6 15 29 23 16 27
split_gain=3.82895 3.16156 3.2295 2.06955 0.962941 1.23883 0.916219 2.54177 1.65344 2.54136 1.54341 2.03829 1.47913 1.25655 0.818025 0.809661 0.792331 0.674264 0.667835 0.675821 0.571513 0.548458 0.530744 0.498253 0.667666 0.774986 0.658168 0.580387 0.484236 0.398758
threshold=3.9919699430465703 2.1163514852523808 -1.1885892152786253 3.1101834774017338 0.17717323452234271 -0.95476102828979481 3.6631493568420415 -0.67416918277740467 -2.0955632925033565 2.425627708435059 -0.62123465538024891 2.342882633209229 0.06436489894986154 0.23067773133516314 0.89901810884475719 2.9097304344177251 0.58105376362800609 3.6467404365539555 2.4151908159255986 4.9997210502624521 0.055964598432183273 1.8704276680946352 0.19206354022026065 1.1733544468879702 1.5309172272682192 2.0254774093627934 -0.064163267612457262 1.5752420425415041 -0.021464684978127476 0.79048010706901561
decision_type=2 2 2 2 2 2 2 2 2 2 2 2 2 2 2 2 2 2 2 2 2 2 2 2 2 2 2 2 2 2
left_child=4 18 -3 15 5 16 8 12 9 13 11 -10 -8 -6 -9 -4 28 -12 19 21 -5 22 -2 24 27 -26 29 -7 -1 -25
right_child=1 2 3 20 6 23 7 14 10 -11 17 -13 -14 -15 -16 -17 -18 -19 -20 -21 -22 -23 -24 26 25 -27 -28 -29 -30 -31
leaf_value=-0.00068530654262809946 0.0013979475654597427 0.0056314067835066938 0.0011618587638982003 0.00108857544775356 -0.00034573229857220902 -3.924714616840799e-05 0.0045681060303215176 -0.0011571242753133889 0.00028026333446918319 0.0023006443661613926 1.2348334099143111e-05 0.0019359897524334716 0.00095248220099028056 -0.0014993888932973579 0.0011976151523834929 0.0035555134517694445 -0.0020252661031562175 0.0011406001310953831 -0.00097388805000909269 -0.00075464199637834725 -0.0010984516227928302 0.002251799590981323 -0.00029272818796171099 -0.00024305285736256541 0.00062906419003503527 -0.00055213668902752032 -8.0048851379752508e-05 -0.00062455082127590045 0.00086741127119195171 -0.001121989031324194
leaf_weight=1563 314 208 204 201 4694 116499 202 366 16887 290 53558 692 207 1034 202 365 372 476 332 271 220 214 348 777 2523 619 3417 1540 200 1163
leaf_count=1563 314 208 204 201 4694 116499 202 366 16887 290 53558 692 207 1034 202 365 372 476 332 271 220 214 348 777 2523 619 3417 1540 200 1163
internal_value=5.06683e-06 0.00113133 0.00227344 0.00154318 -9.50562e-06 -6.00443e-05 7.32195e-05 0.000983847 6.16964e-05 -0.000415702 0.000101841 0.000345973 0.0027718 -0.000555113 -0.000316556 0.00271493 -0.000775826 2.2392e-05 0.000201668 0.000544683 -5.37678e-05 0.000948645 0.000513662 -4.79372e-05 -3.54137e-05 0.00039585 -0.000330936 -4.69095e-05 -0.000507207 -0.000771491
internal_weight=209958 2677 1198 990 207281 128673 78608 977 77631 6018 71613 17579 409 5728 568 569 2135 54034 1479 1147 421 876 662 126538 121181 3142 5357 118039 1763 1940
internal_count=209958 2677 1198 990 207281 128673 78608 977 77631 6018 71613 17579 409 5728 568 569 2135 54034 1479 1147 421 876 662 126538 121181 3142 5357 118039 1763 1940
is_linear=0
shrinkage=0.03


Tree=30
num_leaves=31
num_cat=0
split_feature=6 1 5 4 23 5 4 12 5 0 6 4 0 7 30 25 33 4 12 23 14 1 7 33 33 5 14 25 23 23
split_gain=2.91859 2.55063 1.50867 1.32633 1.45291 1.23884 1.27213 1.49127 1.18191 0.958265 1.15127 1.10576 0.922799 0.844208 0.806905 2.32333 2.31759 0.800102 1.03605 0.798344 0.812581 0.742354 0.78558 0.709318 0.695687 0.647034 0.573719 0.812338 0.625786 0.546625
threshold=2.4816184043884282 1.1069572567939761 -1.6237785220146177 0.82067885994911205 2.6558421850204472 1.0248134136199953 0.47074881196022039 1.0000000180025095e-35 -0.11980159953236579 0.64690423011779796 0.49226438999176031 -0.010347424075007437 1.2925553917884829 1.5363021492958071 -1.6671932339668272 -3.1778806447982784 2.6609526872634892 1.0735495090484621 0.50131094455719005 2.6558421850204472 0.99905973672866832 -1.0129228830337522 1.7517476081848147 1.3922168016433718 0.84899407625198375 1.411615312099457 -0.36828465759754175 -1.215674817562103 -0.87001547217369068 -2.9246690273284908
decision_type=2 2 2 2 2 2 2 2 2 2 2 2 2 2 2 2 2 2 2 2 2 2 2 2 2 2 2 2 2 2
left_child=9 5 -3 4 24 6 19 12 -9 10 14 21 -8 25 16 -16 29 18 -13 20 -2 -12 -23 -17 -4 26 27 -11 -28 -1
right_child=1 2 3 -5 -6 -7 7 8 -10 13 11 17 -14 -15 15 23 -18 -19 -20 -21 -22 22 -24 -25 -26 -27 28 -29 -30 -31
leaf_value=0.0011932671271044396 -0.0010750155655470878 0.003989979239735336 -9.7581986677444839e-05 0.003334745472272021 -0.00086561391245966121 -0.00058880560599583259 -0.00078308589529280483 0.0041689447342957318 0.0014023982077577594 0.0003612535583151926 0.0011271233104125167 0.00033072880189525752 0.0014777990382890192 -0.0019166864301987515 0.0022867869830701239 -2.0765415243146619e-05 -0.0026801963885498539 3.1955110905930647e-05 0.0010442684283532681 -0.0011106929757534784 0.00059379932322194823 -0.00031698252699385361 0.0012784562695830842 0.00027124358761930045 0.0018293635238806896 -0.0011828641783049325 0.0014807169439427139 -0.00042054986088340996 -7.2661715406219875e-05 -0.00023712286162818298
leaf_weight=243 301 203 211 232 319 1174 347 204 442 1376 394 5459 297 235 395 123459 347 3555 2757 388 1858 4528 291 7965 825 517 230 8977 34603 7993
leaf_count=243 301 203 211 232 319 1174 347 204 442 1376 394 5459 297 235 395 123459 347 3555 2757 388 1858 4528 291 7965 825 517 230 8977 34603 7993
internal_value=-9.75671e-07 0.000610124 0.00158055 0.00126079 0.000894732 0.000262245 0.000523067 0.00128867 0.00230135 -2.14309e-05 1.37564e-05 0.000247007 0.000262942 -0.000141973 -1.4467e-05 3.88962e-06 -0.000296228 0.000408044 0.000570657 0.000133539 0.000359193 -0.000116661 -0.000219415 -3.05846e-06 0.00143832 -0.000132639 -0.000120493 -0.000316517 -6.21938e-05 -0.000194221
internal_weight=210125 6801 1790 1587 1355 5011 3837 1290 646 203324 157386 16984 644 45938 140402 131819 8583 11771 8216 2547 2159 5213 4819 131424 1036 45703 45186 10353 34833 8236
internal_count=210125 6801 1790 1587 1355 5011 3837 1290 646 203324 157386 16984 644 45938 140402 131819 8583 11771 8216 2547 2159 5213 4819 131424 1036 45703 45186 10353 34833 8236
is_linear=0
shrinkage=0.03


Tree=31
num_leaves=30
num_cat=0
split_feature=6 1 25 15 9 16 25 1 25 9 16 30 1 7 15 32 2 2 5 25 9 25 29 1 20 25 16 15 34
split_gain=2.48801 2.7435 1.25179 1.28663 1.24036 2.83736 1.44524 1.01918 1.01858 0.962377 1.34177 3.50666 1.79903 1.65175 1.20143 1.64413 1.1771 1.14465 0.925037 1.03782 0.734648 0.701233 0.645941 0.668563 0.639359 0.61678 0.6164 0.581202 0.493998
threshold=2.4816184043884282 1.1069572567939761 -0.016336036846041676 1.440502464771271 3.2932053804397587 3.076195597648621 3.4115585088729863 -0.48838569223880762 2.600907683372498 3.9736448526382451 2.5433518886566167 -1.9631947875022886 4.0106506347656259 2.6278800964355473 -0.55069753527641285 1.5095598697662356 1.4893631339073183 0.73407742381095897 1.0248134136199953 1.8379845619201662 2.1568317413330083 -0.98736855387687672 -0.69419178366661061 -1.3360631465911863 2.0374665260314946 -1.6284780502319334 3.076195597648621 2.0254774093627934 -0.44291396439075464
decision_type=2 2 2 2 2 2 2 2 2 2 2 2 2 2 2 2 2 2 2 2 2 2 2 2 2 2 2 2 2
left_child=9 4 -3 24 5 18 -7 -6 20 10 14 -12 13 -13 15 21 -11 -17 19 -2 -5 -1 25 -24 -4 -16 -10 -9 -20
right_child=1 2 3 8 7 6 -8 27 26 16 11 12 -14 -15 22 17 -18 -19 28 -21 -22 -23 23 -25 -26 -27 -28 -29 -30
leaf_value=-0.00011374897936207962 -0.0004935156168429923 0.0035920616822368171 0.0038600871542103748 0.00075378712664598971 -0.0024245761131580406 0.0035297645088945167 0.0004926650491658567 -0.0011713054331374505 0.00079007624572055362 -0.00027929295228254475 -0.004096902621923788 -0.00029312864133692105 0.0016146858162599507 -0.002110884394003094 -0.0012891108547447747 2.3736357084229753e-05 0.0027449608346901788 0.0010436135930640938 -0.0013884565647238219 0.00077068605252538576 -0.0013546380624996825 0.00013852131069522696 -0.00098426879200071041 -2.6931598315502249e-05 0.0014705751442455617 -0.00018366842606988985 0.0028854154874853842 0.0010346998727715721 -8.9887602903368643e-05
leaf_weight=14485 844 235 203 352 264 350 237 208 306 215 231 3442 381 513 459 1555 244 2724 467 1875 250 31419 655 125088 215 22029 217 212 599
leaf_count=14485 844 235 203 352 264 350 237 208 306 215 231 3442 381 513 459 1555 244 2724 467 1875 250 31419 655 125088 215 22029 217 212 599
internal_value=-5.16225e-06 0.00055766 0.00156953 0.00125088 0.000200627 0.00038669 0.00231806 -0.000982829 0.000716766 -2.40819e-05 -2.72009e-05 -0.000535313 -0.00034107 -0.000531276 -1.54922e-05 0.000111376 0.00134063 0.000673448 8.44991e-05 0.000378082 -0.000125751 5.89137e-05 -5.84451e-05 -3.19573e-05 0.00266294 -0.000206513 0.00167855 -5.87251e-05 -0.000662599
internal_weight=210274 6834 1778 1543 5056 4372 587 684 1125 203440 202981 4567 4336 3955 198414 50183 459 4279 3785 2719 602 45904 148231 125743 418 22488 523 420 1066
internal_count=210274 6834 1778 1543 5056 4372 587 684 1125 203440 202981 4567 4336 3955 198414 50183 459 4279 3785 2719 602 45904 148231 125743 418 22488 523 420 1066
is_linear=0
shrinkage=0.03


Tree=32
num_leaves=31
num_cat=0
split_feature=6 2 5 9 14 2 15 0 16 4 5 7 28 4 0 5 28 11 16 4 6 16 31 33 31 11 6 2 8 16
split_gain=2.85242 2.19243 2.24974 1.8678 1.43742 0.950104 1.92509 3.13591 2.4936 2.23456 1.37156 1.37063 1.01149 1.42418 0.851636 0.796203 0.757887 0.719713 0.918413 1.52579 0.872257 0.791209 0.623078 0.548842 0.545812 0.40782 0.354677 0.337148 0.193901 0.156739
threshold=3.9919699430465703 2.1163514852523808 -1.247580289840698 3.1101834774017338 2.9252831935882573 0.96616512537002575 -2.859154105186462 -3.1437351703643794 3.076195597648621 -0.81008440256118763 -1.9424285888671873 2.6278800964355473 -0.66391015052795399 1.0000000180025095e-35 0.29489509761333471 1.1047465205192568 -0.95476102828979481 -2.6019443273544307 2.5433518886566167 -1.5733181834220884 1.5309172272682192 1.2157721519470217 3.1028782129287724 3.0204142332077031 0.17093551903963092 2.5589671134948735 3.2591618299484257 -1.2590531706809995 0.38151058554649359 1.5712928175926211
decision_type=2 2 2 2 2 2 2 2 2 2 2 2 2 2 2 2 2 2 2 2 2 2 2 2 2 2 2 2 2 2
left_child=5 23 -3 4 -4 15 7 -7 -9 10 -8 -10 13 -11 -14 17 -17 21 20 -20 -19 -1 -5 24 -2 29 27 -18 -27 -26
right_child=1 2 3 22 -6 6 9 8 11 12 -12 -13 14 -15 -16 16 26 18 19 -21 -22 -23 -24 -25 25 28 -28 -29 -30 -31
leaf_value=-0.00020903096094266664 -0.00071371906579169699 0.0048046096749784582 0.0042021439233414669 0.00094484998656771825 0.0010890335192168085 0.0015187359073894043 0.0040105525888834061 -9.3715477279271328e-05 -0.001689365796599942 0.0020949441390025574 0.00069430565659517839 -0.0049603501425019786 0.00033751684660855317 -0.00047052225208735047 -3.2755578322396801e-05 -0.0019416713843508284 -0.0005765660469825378 -3.0251332315668458e-05 0.00073957241996709677 -0.0018576332286365095 0.00038465069504356334 0.0021111855971538153 -0.0013402826112664959 -0.0010371115836100759 0.00084212071206918283 0.00090660364283914007 -0.001416784583518354 -0.0001345015758994186 -0.00028686842609515565 0.0019799517585975543
leaf_weight=237 266 201 240 216 304 303 211 347 226 202 239 248 17926 3308 8122 241 1956 160141 305 594 4689 292 204 256 219 205 226 7483 290 240
leaf_count=237 266 201 240 216 304 303 211 347 226 202 239 248 17926 3308 8122 241 1956 160141 305 594 4689 292 204 256 219 205 226 7483 290 240
internal_value=3.79592e-06 0.000982562 0.00195255 0.00133615 0.00248823 -8.69719e-06 0.000144069 -0.00107213 -0.00203172 0.000189795 0.00227624 -0.00343468 0.000157651 -0.00032011 0.000222078 -3.56977e-05 -0.000296915 -2.01253e-05 -2.36677e-05 -0.000977273 -1.84371e-05 0.00107947 -0.000167782 0.000212951 0.000478421 0.000812809 -0.000254919 -0.000226365 0.000211521 0.00145199
internal_weight=209937 2641 1165 964 544 207296 31132 1124 821 30008 450 474 29558 3510 26048 176164 9906 166258 165729 899 164830 529 420 1476 1220 954 9665 9439 495 459
internal_count=209937 2641 1165 964 544 207296 31132 1124 821 30008 450 474 29558 3510 26048 176164 9906 166258 165729 899 164830 529 420 1476 1220 954 9665 9439 495 459
is_linear=0
shrinkage=0.03


Tree=33
num_leaves=26
num_cat=0
split_feature=6 1 4 15 24 1 4 15 1 1 7 15 6 27 1 7 9 11 32 9 28 28 28 24 12
split_gain=2.83248 2.23135 1.5684 1.33826 1.2363 0.89979 0.898467 1.10987 2.44464 1.13864 2.69565 1.01977 0.77826 1.31687 0.614588 0.513118 0.981033 0.668878 0.437521 0.391025 0.512819 0.380175 0.34298 0.318667 0.293972
threshold=3.9919699430465703 3.3362547159194951 0.37021601200103765 2.6128984689712529 1.1912663578987124 -1.3360631465911863 0.5358884632587434 -3.2031605243682857 1.5444250702857973 3.7090348005294804 1.8680971264839175 -0.11075300350785254 2.9506320953369145 0.80412063002586376 0.71051126718521129 1.8680971264839175 2.0056689977645878 -1.9946112632751463 2.8603147268295293 -0.63171806931495655 -0.23849365860223767 -0.53370124101638783 0.13728997111320498 -0.114803709089756 -1.1174056529998777
decision_type=2 2 2 2 2 2 2 2 2 2 2 2 2 2 2 2 2 2 2 2 2 2 2 2 2
left_child=5 2 4 14 18 19 7 8 23 11 -11 -9 15 -14 -4 16 -8 -17 24 -1 -21 -6 -23 -7 -2
right_child=1 -3 3 -5 21 6 12 9 -10 10 -12 -13 13 -15 -16 17 -18 -19 -20 20 -22 22 -24 -25 -26
leaf_value=-0.00027252532965158118 0.00055367182153574334 0.00357130832884134 0.001654055144090589 0.00020496207774129671 2.9956215786598712e-05 0.0011341520948988588 7.1793310726568128e-05 3.5943558493599354e-05 -0.0032030517750311154 0.00028010634598736324 0.0038994663509324063 -0.00013111233458684788 0.0030855177468038161 0.00010204106121397884 0.0036588225787911543 0.0022249283600113594 -0.0011991125124497883 0.00027551479572217449 -0.00025844136794971116 -0.0025030688064708374 -0.00045965590645489525 -0.0022500570224994673 -0.00054662480353889406 -0.00049694408529136883 0.0019996731171684928
leaf_weight=369 230 263 350 375 274 200 69222 59667 312 1577 205 73263 203 371 241 218 546 553 204 245 203 210 219 223 291
leaf_count=369 230 263 350 375 274 200 69222 59667 312 1577 205 73263 203 371 241 218 546 553 204 245 203 210 219 223 291
internal_value=1.48933e-06 0.000973858 0.000681659 0.00161189 4.89556e-05 -1.09922e-05 -7.05004e-06 -5.23851e-05 -0.00121104 -4.60187e-05 0.000706221 -5.6129e-05 7.9296e-05 0.00117471 0.0024954 7.02997e-05 6.17621e-05 0.000837495 0.000915071 -0.00100158 -0.00159244 -0.000844419 -0.00139679 0.0002785 0.00137265
internal_weight=210034 2657 2394 966 1428 207377 206560 135447 735 134712 1782 132930 71113 574 591 70539 69768 771 725 817 448 703 429 423 521
internal_count=210034 2657 2394 966 1428 207377 206560 135447 735 134712 1782 132930 71113 574 591 70539 69768 771 725 817 448 703 429 423 521
is_linear=0
shrinkage=0.03


Tree=34
num_leaves=26
num_cat=0
split_feature=1 33 25 1 4 33 1 7 1 28 4 9 1 2 5 7 6 5 5 28 11 9 11 1 33
split_gain=2.82716 5.95696 2.41121 1.6641 1.29471 1.27308 2.57833 5.5711 1.97846 1.08287 1.03218 1.11827 1.27166 0.907251 1.09384 1.23839 0.930134 0.78617 0.700433 0.719751 0.672734 0.622589 0.48265 0.457045 0.380506
threshold=4.4419095516204843 3.239854216575623 2.1061912775039677 0.6914915442466737 0.6500559151172639 3.4160044193267827 1.4935112595558169 2.6278800964355473 0.13122215867042544 1.5235071778297427 1.3891059160232546 3.2932053804397587 -0.22408354282379148 0.84157210588455211 -3.0979982614517207 1.0000000180025095e-35 -1.032062232494354 1.0000000180025095e-35 1.1047465205192568 -0.85206860303878773 -2.6019443273544307 3.6631493568420415 2.7419998645782475 -0.46558722853660578 2.3132984638214116
decision_type=2 2 2 2 2 2 2 2 2 2 2 2 2 2 2 2 2 2 2 2 2 2 2 2 2
left_child=2 24 5 10 17 13 8 -8 21 -10 11 12 -4 18 16 -16 -15 -5 20 -20 -1 -7 -19 -13 -2
right_child=1 -3 3 4 -6 6 7 -9 9 -11 -12 23 -14 14 15 -17 -18 22 19 -21 -22 -23 -24 -25 -26
leaf_value=0.0011458223644209196 -0.00034121666644612711 0.0061038034081997532 0.001186870348471048 0.0021454852513607958 0.0030623922630846835 -0.0026224819140269156 0.00021600513852024905 -0.0057910740357357549 0.0024793466761432598 -0.00020697078930214044 -0.0015461755548199106 -0.0018374208004743118 -0.00013650252708531359 -0.0026964625329170848 -1.6947230121680604e-05 0.00035160223237933465 -0.00037130148457969998 0.0010884889525038812 -0.0016885691886347779 -0.00024364818954385122 -3.2871266871898872e-05 -0.00042820498546533722 -0.00042516014467270649 1.5666689752124068e-05 0.0012145718374910455
leaf_weight=432 377 206 1658 352 354 201 306 249 294 245 251 233 1075 201 17849 15182 632 434 316 9460 158726 273 330 241 220
leaf_count=432 377 206 1658 352 354 201 306 249 294 245 251 233 1075 201 17849 15182 632 434 316 9460 158726 273 330 241 220
internal_value=-3.07913e-07 0.00177084 -7.14542e-06 0.000648251 0.00149204 -2.29649e-05 -0.000873138 -0.00250671 2.97738e-05 0.00126761 0.000287921 0.000433652 0.000667035 -1.63701e-05 0.000125342 0.000152476 -0.000945096 0.000982477 -4.47802e-05 -0.000291193 -2.96361e-05 -0.00137635 0.000436174 -0.000904911 0.000237432
internal_weight=210097 803 209294 4928 1470 204366 1568 555 1013 539 3458 3207 2733 202798 33864 33031 833 1116 168934 9776 159158 474 764 474 597
internal_count=210097 803 209294 4928 1470 204366 1568 555 1013 539 3458 3207 2733 202798 33864 33031 833 1116 168934 9776 159158 474 764 474 597
is_linear=0
shrinkage=0.03


Tree=35
num_leaves=26
num_cat=0
split_feature=1 2 6 29 5 32 16 13 16 30 11 9 9 2 11 16 1 6 5 1 1 7 11 6 29
split_gain=2.30206 4.30821 1.35741 1.60558 1.28253 1.07224 1.98615 1.35136 1.02339 2.45518 1.96739 1.62611 0.93283 1.3397 0.796456 0.78478 0.712994 1.04106 0.705983 0.584352 0.64479 0.560093 0.527726 0.403782 0.281698
threshold=4.4419095516204843 2.3197833299636845 2.4816184043884282 -0.45337092876434321 1.0248134136199953 3.0562978982925419 2.9097304344177251 -0.36347337067127222 2.5433518886566167 -1.9631947875022886 0.85143893957138073 3.9736448526382451 2.6061096191406254 0.38301248848438268 -0.98554661870002735 1.0244936943054201 2.2363841533660893 -0.78545019030570973 1.3372334241867068 0.65552091598510753 -0.38216194510459894 0.020017809234559539 2.1176781654357915 1.4092061519622805 -0.69419178366661061
decision_type=2 2 2 2 2 2 2 2 2 2 2 2 2 2 2 2 2 2 2 2 2 2 2 2 2
left_child=2 21 8 22 5 6 -5 -7 12 -10 11 -11 16 15 -15 -14 18 -18 -1 20 -6 -2 24 -12 -4
right_child=1 -3 3 4 19 7 -8 -9 9 10 23 -13 13 14 -16 -17 17 -19 -20 -21 -22 -23 -24 -25 -26
leaf_value=-2.4513855086606398e-05 0.0011308849191279341 0.0050684118601695997 0.00034354189910862425 0.00066175425379831761 0.00019116756766461142 0.0020956446488971645 0.0023408290495892927 -0.00062285076081990164 -0.0036677536883931694 -0.00025516238159821361 -0.0011431615721363493 0.0021953762617583075 -0.0016922585695797084 0.0020940143970678985 0.00044500377468035006 0.00043755077941289765 -0.00059438513812504808 0.00056464613650375689 -0.00070823106312177585 0.00081101452319909059 -0.0013399036944164518 -0.00074861316105808372 -0.0022132561863751994 -0.0029140284017987804 -0.0011501741162889326
leaf_weight=190070 280 225 226 2805 464 202 817 798 201 3675 225 256 250 570 493 396 853 3736 1364 340 523 281 210 259 220
leaf_count=190070 280 225 226 2805 464 202 817 798 201 3675 225 256 250 570 493 396 853 3736 1364 340 523 281 210 259 220
internal_value=-4.82917e-06 0.00161054 -1.09439e-05 0.00041211 0.000567573 0.000803402 0.0010432 -6.60206e-05 -2.4763e-05 -0.000466088 -0.000316343 -9.29889e-05 -1.44489e-05 0.000682382 0.0013349 -0.000393346 -2.05414e-05 0.000348794 -2.94038e-05 -0.000253762 -0.000622794 0.000191164 -0.000991348 -0.0021109 -0.000397851
internal_weight=209739 786 208953 6605 5949 4622 3622 1000 202348 4616 4415 3931 197732 1709 1063 646 196023 4589 191434 1327 987 561 656 484 446
internal_count=209739 786 208953 6605 5949 4622 3622 1000 202348 4616 4415 3931 197732 1709 1063 646 196023 4589 191434 1327 987 561 656 484 446
is_linear=0
shrinkage=0.03


Tree=36
num_leaves=30
num_cat=0
split_feature=1 2 25 1 16 4 4 16 23 1 14 13 18 15 32 23 9 16 1 4 16 14 2 27 16 4 27 29 29
split_gain=2.88739 5.78303 1.96351 1.69265 1.6619 2.94301 1.24432 1.1433 2.19835 3.05497 2.10462 1.55291 1.45127 1.03336 1.33169 1.01233 0.925598 1.23705 2.78548 0.899489 1.08965 0.825703 0.803394 0.794351 0.789514 0.782954 0.612647 0.280878 0.260067
threshold=4.4419095516204843 2.3197833299636845 2.1061912775039677 0.6914915442466737 3.076195597648621 0.58763930201530468 0.10229167714715005 2.9097304344177251 -2.3428257703781123 1.5974396467208865 -2.4793257713317867 -0.45870769023895258 2.2579386234283452 -0.64767855405807484 1.4642501473426821 -2.9246690273284908 3.2932053804397587 2.4255692958831792 -0.20501137524843213 0.36159229278564459 2.5433518886566167 -0.74991187453269947 0.96616512537002575 1.9419282674789431 0.95863041281700145 1.3281827569007876 1.6627197265625002 0.39191250503063207 0.59509325027465831
decision_type=2 2 2 2 2 2 2 2 2 2 2 2 2 2 2 2 2 2 2 2 2 2 2 2 2 2 2 2 2
left_child=2 6 7 16 26 -6 -2 13 9 11 -11 -9 22 14 21 -16 17 25 -19 20 -15 -1 -10 -18 -21 -4 27 -5 -28
right_child=1 -3 3 4 5 -7 -8 8 12 10 -12 -13 -14 19 15 -17 23 18 -20 24 -22 -23 -24 -25 -26 -27 28 -29 -30
leaf_value=-7.5700122124290698e-05 0.0012647243065431015 0.0058543375759828615 0.00023983370314381426 0.0019715887747941067 0.00077776607457716296 0.0055540347703291835 -0.0015518159442602349 0.0007524324075379611 -0.00094888119703487545 -0.0054771140644013878 -0.0013206270390557465 -0.0024356525724141143 -0.0022754159050243417 -9.8569226760664009e-05 0.001889745245376411 0.00043920429285225287 -0.0020105636559524815 0.0026855063357263797 -0.0011406799059032518 8.0549807532399474e-06 -0.0014786372605812804 0.00019878086535129609 0.00061958301981003192 0.00042922967282356693 0.00038144648280314807 -0.001687962474534288 -0.00085214697503417495 0.00065880440405938613 0.00061178176662221248
leaf_weight=19721 377 222 1948 317 264 205 219 409 368 237 208 201 219 87000 473 4686 280 523 250 64068 513 19725 1385 205 5532 205 213 283 214
leaf_count=19721 377 222 1948 317 264 205 219 409 368 237 208 201 219 87000 473 4686 280 523 250 64068 513 19725 1385 205 5532 205 213 283 214
internal_value=5.93925e-06 0.00177941 -1.02257e-06 0.000591712 0.00143129 0.00290204 0.000225487 -1.52424e-05 -0.000593469 -0.00169528 -0.00357057 -0.000309329 -1.21672e-06 -6.55097e-06 0.000120876 0.000573897 0.000221933 0.000423404 0.00144868 -4.27308e-05 -0.000106743 6.15621e-05 0.00028856 -0.000985454 3.77584e-05 5.27911e-05 0.000748837 0.00136295 -0.000119879
internal_weight=210470 818 209652 4907 1496 469 596 204745 3027 1055 445 610 1972 201718 44605 5159 3411 2926 773 157113 87513 39446 1753 485 69600 2153 1027 600 427
internal_count=210470 818 209652 4907 1496 469 596 204745 3027 1055 445 610 1972 201718 44605 5159 3411 2926 773 157113 87513 39446 1753 485 69600 2153 1027 600 427
is_linear=0
shrinkage=0.03


Tree=37
num_leaves=29
num_cat=0
split_feature=6 1 9 16 20 29 27 6 2 0 24 2 27 16 30 29 29 7 7 9 1 13 6 16 25 29 2 23
split_gain=2.22112 1.57694 0.999369 1.72701 1.15725 1.20976 0.929027 1.58531 1.46011 1.11072 0.851762 1.11552 1.42284 0.923026 2.21961 0.789112 0.750756 0.748021 0.676822 0.639119 0.56159 0.540576 0.516319 0.487887 0.461032 0.411364 0.333286 0.23682
threshold=3.9919699430465703 3.3362547159194951 3.1101834774017338 3.076195597648621 2.6129696369171147 0.45116834342479711 0.88818269968032848 1.7686462402343752 2.7089142799377446 -1.9098418951034544 -2.0575625896453853 0.84157210588455211 -2.5654367208480831 2.5433518886566167 -1.9631947875022886 -0.41191141307353968 0.87747117877006542 1.4852445125579836 -0.35521879792213434 3.6631493568420415 1.7851342558860781 2.1456359624862675 4.9997210502624521 -1.1851405501365659 -0.05864328891038894 0.14283426105976108 -0.072539761662483201 0.75174564123153698
decision_type=2 2 2 2 2 2 2 2 2 2 2 2 2 2 2 2 2 2 2 2 2 2 2 2 2 2 2 2
left_child=6 2 3 22 5 -4 7 10 19 -9 13 18 -13 17 -15 26 27 -1 -12 23 -17 -5 25 -8 -25 -2 -11 -10
right_child=1 -3 4 21 -6 -7 8 9 16 15 11 12 -14 14 -16 20 -18 -19 -20 -21 -22 -23 -24 24 -26 -27 -28 -29
leaf_value=-0.00046390980324813113 0.0014948970589202563 0.0031034521869059972 -0.0010937810896944206 0.0015522024448728188 -0.0020631470398205106 0.0018627767270513402 -0.0011876185482775034 0.0027587035582725739 -0.0014370626103918766 0.00027387569961113614 8.0152903393945115e-05 0.0015813954296912262 0.00016008866896689069 -0.0038154695949517187 -0.00044144483909649014 0.00060570592275404928 -0.00017464666312341301 0.00037581221479650626 -6.3284620210685394e-05 0.0013672177825172569 0.0022421680288254352 0.0036874371251086066 -0.00084974553991399595 -0.00034657914556587014 -6.9018763225743126e-05 0.0002277816456855547 -0.0012633484711219683 -0.0028629241637248793
leaf_weight=2811 378 251 226 232 226 266 393 210 215 233 42212 646 24271 220 805 2274 250 1440 99115 249 202 215 226 6913 24337 585 270 244
leaf_count=2811 378 251 226 232 226 266 393 210 215 233 42212 646 24271 220 805 2274 250 1440 99115 249 202 215 226 6913 24337 585 270 244
internal_value=-3.87747e-06 0.000865824 0.00062116 0.00102971 -0.000310426 0.000507342 -1.48265e-05 1.26085e-05 -0.00016183 0.000674833 2.76765e-07 1.21916e-05 0.000197247 -0.00037481 -0.00118063 0.000523557 -0.00150358 -0.000179352 -2.04409e-05 -0.000131771 0.000743463 0.00260865 0.000427676 -0.00014378 -0.000130465 0.000730307 -0.000555587 -0.00221772
internal_weight=209915 2605 2354 1636 718 492 207310 174709 32601 3189 171520 166244 24917 5276 1025 2979 709 4251 141327 31892 2476 447 1189 31643 31250 963 503 459
internal_count=209915 2605 2354 1636 718 492 207310 174709 32601 3189 171520 166244 24917 5276 1025 2979 709 4251 141327 31892 2476 447 1189 31643 31250 963 503 459
is_linear=0
shrinkage=0.03


Tree=38
num_leaves=31
num_cat=0
split_feature=6 25 18 16 25 28 16 15 23 25 34 29 30 28 2 16 14 33 34 24 27 34 16 29 2 6 29 6 25 30
split_gain=2.10991 1.73742 1.4333 1.24256 0.812318 1.19505 1.78645 1.21312 0.99951 0.805532 0.979239 1.09807 0.759998 0.74258 0.713064 1.02085 1.36298 0.691607 0.680679 0.65575 0.668272 0.617873 0.580447 0.491096 0.474658 0.457845 0.446666 1.94621 0.595536 0.353229
threshold=3.9919699430465703 1.2217172980308535 2.5844871997833256 3.4201169013977055 1.0558364987373354 -0.18110031634569165 2.9097304344177251 2.4140102863311772 -0.59743949770927418 -0.98736855387687672 -0.20511893182992932 1.5737495422363283 -2.3705394268035884 -1.098111033439636 1.1096978783607485 3.7749476432800297 2.623915553092957 3.4160044193267827 -0.50822907686233509 -2.0575625896453853 0.93390658497810375 -0.24209739267826078 2.5433518886566167 -3.5439479351043697 2.570696353912354 2.2941123247146611 0.59509325027465831 2.9506320953369145 2.3805992603302006 0.054010313004255302
decision_type=2 2 2 2 2 2 2 2 2 2 2 2 2 2 2 2 2 2 2 2 2 2 2 2 2 2 2 2 2 2
left_child=4 -2 3 -3 8 6 7 25 9 10 11 -1 -12 18 21 16 -16 26 -10 22 -21 -4 -15 -11 -25 -6 27 -7 -28 -9
right_child=1 2 14 -5 5 17 -8 29 13 23 12 -13 -14 19 15 -17 -18 -19 -20 20 -22 -23 -24 24 -26 -27 28 -29 -30 -31
leaf_value=-0.0003311470279928511 0.0034926096915051611 0.0009011164585835059 -0.0021630913952400948 0.0034368870857890191 0.00025460996375512046 -0.00013654215657690711 0.0025877560015536115 -0.0019830751017297561 -0.0022279339313530456 0.0014767142482997693 -0.0015528260776920455 0.0018326438251905428 0.00016413165906184322 -0.00041199955557787729 0.0029863920675312068 -0.0011376641482914553 0.00022890728717753423 -0.0018153891398679648 -0.00043367180186328313 -3.4968975408410205e-05 -0.00022553767605092631 5.7878622901625934e-05 -0.0019398487150224604 0.00018288422102240542 -0.001157108569990669 0.00074746062063072143 6.4696290943284308e-06 -0.0028421231357975054 0.0011729126561479217 -0.00030414123955072454
leaf_weight=9424 200 710 202 228 11143 3481 303 250 249 257 232 211 11113 1227 219 264 580 208 773 113712 19380 247 270 28488 235 1999 3838 252 434 206
leaf_count=9424 200 710 202 228 11143 3481 303 250 249 257 232 211 11113 1227 219 264 580 208 773 113712 19380 247 270 28488 235 1999 3838 252 434 206
internal_value=-2.41363e-06 0.000837941 0.000614562 0.00153244 -1.31562e-05 0.000158694 0.000328166 0.000276883 -3.36389e-05 8.10642e-05 -6.05069e-05 -0.000282836 0.000128352 -7.58977e-05 4.1962e-05 0.000465198 0.000998585 -0.000128172 -0.000879544 -6.97628e-05 -6.27258e-05 -0.000954129 -0.000693104 0.000183547 0.000171721 0.000329832 -8.3226e-05 -0.000322743 0.000126203 -0.00123613
internal_weight=210335 2650 2450 938 207685 22114 13901 13598 185571 49960 20980 9635 11345 135611 1512 1063 799 8213 1022 134589 133092 449 1497 28980 28723 13142 8005 3733 4272 456
internal_count=210335 2650 2450 938 207685 22114 13901 13598 185571 49960 20980 9635 11345 135611 1512 1063 799 8213 1022 134589 133092 449 1497 28980 28723 13142 8005 3733 4272 456
is_linear=0
shrinkage=0.03


Tree=39
num_leaves=31
num_cat=0
split_feature=6 1 28 2 1 16 1 11 9 2 15 33 25 28 28 2 32 15 15 13 2 1 25 28 10 32 28 10 10 1
split_gain=1.93632 1.92021 1.37073 1.18511 1.04068 1.33289 1.05122 1.02312 0.881136 1.02644 0.827573 2.55815 0.824787 1.07646 1.77201 0.786821 0.733106 0.73554 0.684022 0.976625 0.802631 0.936872 0.710206 0.605144 0.514134 0.509427 0.486655 0.403661 0.277309 0.242346
threshold=2.4816184043884282 0.55372107028961193 -0.44518624246120447 1.8802700638771059 -0.21441525220870969 1.7360765337944033 -0.48838569223880762 1.4589943885803225 3.9736448526382451 1.2939563989639284 -3.2031605243682857 3.4160044193267827 3.4115585088729863 -0.18807552754878995 -0.54528027772903431 1.5262062549591067 2.6721674203872685 2.4140102863311772 -0.53996658325195301 -1.8822693228721616 0.6742130219936372 -1.2383539676666258 0.18701645731925967 -1.098111033439636 -0.22698601335287091 0.76401463150978099 -0.29332080483436579 2.1222791671752934 1.7782930731773379 1.6573036313056948
decision_type=2 2 2 2 2 2 2 2 2 2 2 2 2 2 2 2 2 2 2 2 2 2 2 2 2 2 2 2 2 2
left_child=8 2 4 26 6 -6 28 15 10 -10 11 24 13 14 -5 -4 25 -18 20 22 27 -22 -20 -21 -1 -9 -3 -12 -2 -28
right_child=1 3 7 12 5 -7 -8 16 9 -11 18 -13 -14 -15 -16 -17 17 -19 19 23 21 -23 -24 -25 -26 -27 29 -29 -30 -31
leaf_value=-0.00089395973320850828 0.0013010395600970459 0.0012393191377907189 -2.5913137113053747e-05 0.0014469095619009716 0.00094194282935619936 -0.0018170847370549126 0.0026306786685442144 -0.00079919385161789753 -0.00028588289326008282 0.0025452826525272669 -1.107065900567453e-05 -0.0036495693054560603 0.00042752439536366469 0.00098484269917436715 0.0052534840182288387 0.0022649908564378353 -0.0028648181875637656 -0.00050311981056015503 -0.00069893147957072771 -0.00075698995420473759 -0.0010176303352253501 0.00029568476206792493 0.00029715467540559879 -3.0715100025662096e-05 0.0010906032122286714 0.00024880364496461131 -0.0002732445723297794 0.00087558547419552596 2.7079108450671585e-06 0.00075844665593301349
leaf_weight=205 276 670 362 222 405 251 386 865 206 254 36738 224 232 273 224 210 223 253 3303 1035 500 15477 797 143810 262 799 490 463 313 345
leaf_count=205 276 670 362 222 405 251 386 865 206 254 36738 224 232 273 224 210 223 253 3303 1035 500 15477 797 143810 262 799 490 463 313 345
internal_value=2.08665e-07 0.000498036 0.000118512 0.00116755 0.000804445 -0.000119481 0.00142352 -0.00029473 -1.64542e-05 0.00128797 -1.94445e-05 -0.00105214 0.00199436 0.00249348 0.00339578 0.000827492 -0.000595918 -0.00162782 -1.5888e-05 -4.88641e-05 7.64698e-05 0.000254279 -0.000505176 -3.59307e-05 0.000219194 -0.000296741 0.000640226 8.07606e-08 0.000616925 0.000155
internal_weight=210073 6799 4343 2456 1631 656 975 2712 203274 460 202814 691 951 719 446 572 2140 476 202123 148945 53178 15977 4100 144845 467 1664 1505 37201 589 835
internal_count=210073 6799 4343 2456 1631 656 975 2712 203274 460 202814 691 951 719 446 572 2140 476 202123 148945 53178 15977 4100 144845 467 1664 1505 37201 589 835
is_linear=0
shrinkage=0.03


Tree=40
num_leaves=26
num_cat=0
split_feature=1 33 25 23 1 4 4 9 16 23 1 11 11 1 23 32 23 25 4 16 16 14 4 23 29
split_gain=1.81052 4.01843 1.23002 1.47205 1.25861 1.35627 1.23949 1.2516 1.04872 1.95866 2.78622 1.61427 1.57279 1.04081 0.937502 1.36549 0.983028 0.941795 0.817222 1.51917 1.28944 0.731686 0.725586 0.659057 0.29137
threshold=4.4419095516204843 3.0204142332077031 2.1061912775039677 -0.042397543787956231 0.6914915442466737 0.66856864094734203 1.0735495090484621 3.2932053804397587 2.9097304344177251 -2.4962227344512935 1.5974396467208865 0.35161401331424719 -0.65003499388694752 0.22318176180124286 -0.57479131221771229 1.4642501473426821 -3.247793316841125 -1.0253208279609678 0.56186097860336315 0.95863041281700145 2.5433518886566167 2.4015632867813115 -0.15944625437259671 2.6558421850204472 0.20392305403947833
decision_type=2 2 2 2 2 2 2 2 2 2 2 2 2 2 2 2 2 2 2 2 2 2 2 2 2
left_child=2 24 8 -4 6 23 7 -5 14 10 13 12 -11 -10 15 17 -17 -1 20 -20 -16 -8 -13 -6 -2
right_child=1 -3 3 4 5 -7 21 -9 9 11 -12 22 -14 -15 18 16 -18 -19 19 -21 -22 -23 -24 -25 -26
leaf_value=-0.00014936217293725401 0.00083212837313041818 0.0046141307703261936 0.0028837048099942166 0.00054683517079110182 0.00095778647749973059 0.0027326926845783854 -0.00017556821677889884 -0.0011590768768352539 -0.0019578213469222793 -0.00011622995860973284 -0.0036584118962169087 -0.0021450129522402818 0.0020823314654402287 0.00071128769374897592 -9.0433939765073424e-05 0.0025026164212106051 0.00044962974982894763 0.00014415866156191327 3.5705606124778213e-07 0.00059075794515465042 -0.0015484921405040351 -0.0025131558483769086 -0.00015728556896294358 -0.00082062034719467599 -0.00055111216834503797
leaf_weight=14876 226 241 211 2360 851 340 236 458 210 1049 383 375 401 334 96675 213 5898 29029 50184 4250 544 243 294 236 332
leaf_count=14876 226 241 211 2360 851 340 236 458 210 1049 383 375 401 334 96675 213 5898 29029 50184 4250 544 243 294 236 332
internal_value=-1.03214e-06 0.00141987 -6.48108e-06 0.000461294 0.000350161 0.00109279 2.75706e-05 0.000268017 -1.77686e-05 -0.000569807 -0.00171595 -6.55429e-05 0.000496852 -0.000327514 -9.41669e-06 0.000103208 0.000523174 4.47015e-05 -4.65632e-05 4.65033e-05 -9.86719e-05 -0.00137515 -0.00127913 0.000569685 1.15397e-05
internal_weight=210449 799 209650 4935 4724 1427 3297 2818 204715 3046 927 2119 1450 544 201669 50016 6111 43905 151653 54434 97219 479 669 1087 558
internal_count=210449 799 209650 4935 4724 1427 3297 2818 204715 3046 927 2119 1450 544 201669 50016 6111 43905 151653 54434 97219 479 669 1087 558
is_linear=0
shrinkage=0.03


Tree=41
num_leaves=27
num_cat=0
split_feature=1 33 25 1 4 33 15 29 0 1 1 23 6 4 1 4 2 20 23 27 13 27 33 15 32 29
split_gain=1.74463 3.94697 1.34349 1.38772 1.41514 1.05567 2.92832 3.10713 1.05957 0.78989 0.76147 0.744901 0.983617 0.86625 0.705346 0.742146 1.23271 0.680292 0.6511 0.6133 0.503626 0.410064 0.567805 0.345946 0.296977 0.256572
threshold=4.4419095516204843 3.0204142332077031 2.1061912775039677 0.6914915442466737 0.6500559151172639 3.4160044193267827 -2.859154105186462 0.222721703350544 1.796811103820801 -1.3360631465911863 1.9346726536750796 -0.60936829447746266 -0.72014236450195301 0.37021601200103765 -0.22408354282379148 1.0735495090484621 1.3519017696380617 1.6708247065544131 2.6558421850204472 1.090595602989197 1.7629973888397219 -0.27933715283870691 -0.059837853536009782 2.2591332197189335 1.0512214899063113 0.91825461387634288
decision_type=2 2 2 2 2 2 2 2 2 2 2 2 2 2 2 2 2 2 2 2 2 2 2 2 2 2
left_child=2 24 5 14 17 9 7 -7 10 21 -8 12 -11 -13 15 16 -4 23 20 -17 -16 -1 -23 -5 -2 -19
right_child=1 -3 3 4 -6 6 8 -9 -10 11 -12 13 -14 -15 18 19 -18 25 -20 -21 -22 22 -24 -25 -26 -27
leaf_value=6.1296563016228546e-05 0.00074036746391938004 0.0043738059482826283 3.4609195117820881e-05 0.0019457224854481782 0.0028549746392267151 -0.00042485528809176092 0.00097740492224718863 -0.005580219129892634 -0.0016611238045120295 -4.9957478306375548e-05 -0.00098254053700236169 -0.00010517808122222937 0.00022183443936524559 3.841971243343033e-05 0.00026057812560103692 0.00048001074019109701 0.0016182517758570245 -0.00072045932345136737 -0.0019057690829504281 -0.0018426349858367225 -0.0013100684483530231 -0.00064023651264909687 -0.0026296488684052952 0.00047041443821181319 -0.0006535662677057758 0.00062672759342090919
leaf_weight=247 233 262 1001 372 366 218 678 200 268 22786 237 86414 25270 67212 790 201 788 274 214 200 234 342 207 237 321 229
leaf_count=247 233 262 1001 372 366 218 678 200 268 22786 237 86414 25270 67212 790 201 788 274 214 200 234 342 207 237 321 229
internal_value=-2.69836e-06 0.00137753 -8.1204e-06 0.000482212 0.00124897 -1.99194e-05 -0.000786041 -0.00292834 -1.99445e-05 -1.38424e-05 0.000467166 -1.0108e-05 9.29711e-05 -4.23543e-05 0.000150283 0.000473454 0.000734722 0.000709959 -0.000421006 -0.000686842 -0.000102961 -0.000954059 -0.00140731 0.00138009 -6.59305e-05 -0.000106996
internal_weight=209801 816 208985 4906 1478 204079 1601 418 1183 202478 915 201682 48056 153626 3428 2190 1789 1112 1238 401 1024 796 549 609 554 503
internal_count=209801 816 208985 4906 1478 204079 1601 418 1183 202478 915 201682 48056 153626 3428 2190 1789 1112 1238 401 1024 796 549 609 554 503
is_linear=0
shrinkage=0.03


Tree=42
num_leaves=23
num_cat=0
split_feature=6 29 16 28 16 18 3 28 28 27 16 9 15 33 31 15 13 33 2 27 15 13
split_gain=1.54633 2.08295 1.40248 1.69575 3.08499 1.24755 1.14963 1.05414 0.780612 1.50086 0.713501 1.05932 0.737325 3.58315 1.19881 0.719974 1.02187 0.738367 0.670754 0.676316 0.774154 0.269609
threshold=2.4816184043884282 -0.40221983194351191 3.076195597648621 -0.1943637207150459 3.5899791717529301 2.7897313833236699 0.43204648792743688 -0.092280369251966463 1.0000000180025095e-35 2.6615564823150639 3.7749476432800297 3.9736448526382451 -2.859154105186462 3.4160044193267827 1.2230821251869204 -0.41524499654769892 -2.2894346714019771 3.4160044193267827 2.7089142799377446 3.0224870443344121 2.6128984689712529 0.66446879506111156
decision_type=2 2 2 2 2 2 2 2 2 2 2 2 2 2 2 2 2 2 2 2 2 2
left_child=10 7 18 4 6 -6 -4 21 -5 -10 11 12 13 14 -1 17 -17 -14 19 20 -3 -2
right_child=1 2 3 8 5 -7 -8 -9 9 -11 -12 -13 15 -15 -16 16 -18 -19 -20 -21 -22 -23
leaf_value=-0.00097127506997485313 0.00064726892944451972 0.00049473827763950231 0.002001999338664713 -0.0012070354015756763 0.001802931936222083 -0.0013667934178317918 0.0049904436020786558 -0.0022835369822786821 -0.00099464260108349614 0.0022352222810122406 -0.0015465224134175433 0.0015247606577625538 6.6552980195431856e-05 -0.0035019483719732751 0.00099738111035247877 -0.00070305606558916905 -3.7930588173154141e-05 0.001387864706167579 -0.0011410959598704346 0.0020585316988307651 -0.00085294267131251359 -0.00082862719976491074
leaf_weight=503 231 3512 205 217 241 200 297 332 216 310 268 398 61954 313 611 2106 136811 378 252 215 426 206
leaf_count=503 231 3512 205 217 241 200 297 332 216 310 268 398 61954 313 611 2106 136811 378 252 215 426 206
internal_value=1.08758e-06 0.000443923 0.000629785 0.00136439 0.00220555 0.000366208 0.00380184 -0.00102279 0.000289194 0.000912013 -1.38626e-05 -1.18019e-05 -1.48568e-05 -0.000693185 0.000108114 -1.00299e-05 -4.80389e-05 7.46765e-05 0.00034739 0.000438974 0.000348054 -4.99658e-05
internal_weight=210202 6860 6091 1686 943 441 502 769 743 526 203342 203074 202676 1427 1114 201249 138917 62332 4405 4153 3938 437
internal_count=210202 6860 6091 1686 943 441 502 769 743 526 203342 203074 202676 1427 1114 201249 138917 62332 4405 4153 3938 437
is_linear=0
shrinkage=0.03


Tree=43
num_leaves=30
num_cat=0
split_feature=6 2 25 28 25 28 5 0 2 2 4 29 5 2 7 12 5 23 9 29 23 25 29 6 23 4 4 9 13
split_gain=1.50688 1.86838 2.45604 2.85575 0.828459 1.09247 1.29616 0.878152 5.11222 1.64256 2.09175 2.04531 1.20724 0.870808 1.04226 0.812484 0.730601 0.605453 0.611731 0.524736 0.578999 0.48467 0.455321 1.43898 0.445433 0.413806 0.315755 0.303512 0.208496
threshold=3.9919699430465703 2.2105658054351811 3.4115585088729863 -0.25035488605499262 1.0558364987373354 -0.18110031634569165 -1.5443737506866453 -3.1437351703643794 2.9894878864288335 2.570696353912354 -0.23735101521015164 0.8588552474975587 -2.97380518913269 -1.4440836906433103 1.8680971264839175 0.091201126575469985 -1.1338192224502561 2.448457002639771 0.46046733856201177 -0.25792416930198664 1.966123163700104 3.4115585088729863 0.73717463016510021 2.9506320953369145 0.17090556770563128 0.11321308091282846 0.99191960692405712 1.1498052477836611 1.9175086021423342
decision_type=2 2 2 2 2 2 2 2 2 2 2 2 2 2 2 2 2 2 2 2 2 2 2 2 2 2 2 2 2
left_child=4 19 3 -3 7 6 -6 8 12 13 -11 -12 -1 16 -15 -4 -9 18 -8 -2 -21 28 23 25 -24 -7 -26 -19 -22
right_child=1 2 15 -5 5 22 17 9 -10 10 11 -13 -14 14 -16 -17 -18 27 -20 20 21 -23 24 -25 26 -27 -28 -29 -30
leaf_value=-0.0017205353819910133 -0.0013055962578092692 0.0046596217008948023 0.0013584064847095452 0.00068673192417017745 0.0024612100027124619 -0.00045169265894251032 0.00018321799226863949 -0.0012876926110967275 0.0048558613024962793 -0.0030882748954113408 -0.00092931646396394898 0.0015749798581912164 0.0009343040693128551 -1.7318644291826097e-05 0.00048454651267991651 -0.0011682564823541025 -0.0002354542041369519 -0.0016544397471243166 0.00061773638465342632 0.0012390424335091913 -0.00014435063878417943 -0.0012648891308889164 0.0014101172077770354 -0.0023182813366005766 0.00015283685388352652 0.00018042585703944113 -0.00060964162146692074 -2.332547526922451e-05 0.00095399067707253047
leaf_weight=321 221 348 201 306 247 2103 8985 636 216 314 1570 356 288 169428 3803 253 8155 202 4317 378 401 249 221 299 3289 1667 569 204 248
leaf_count=321 221 348 201 306 247 2103 8985 636 216 314 1570 356 288 169428 3803 253 8155 202 4317 378 401 249 221 299 3289 1667 569 204 248
internal_value=3.11933e-06 0.000719464 0.00165035 0.00282006 -5.90442e-06 0.000167668 0.000328787 -2.66364e-05 0.00094699 -3.10212e-05 -0.000837535 -0.000463545 -0.00046766 -2.10733e-05 -6.28736e-06 -4.70118e-05 -0.000312269 0.00028948 0.000324415 2.72703e-05 0.000262314 -0.000153409 -0.000108311 -0.000332659 0.000115621 -0.000172317 3.97386e-05 -0.000845119 0.000279439
internal_weight=209795 2605 1108 654 207190 22103 13955 185087 825 184262 2240 1926 609 182022 173231 454 8791 13708 13302 1497 1276 898 8148 4069 4079 3770 3858 406 649
internal_count=209795 2605 1108 654 207190 22103 13955 185087 825 184262 2240 1926 609 182022 173231 454 8791 13708 13302 1497 1276 898 8148 4069 4079 3770 3858 406 649
is_linear=0
shrinkage=0.03


Tree=44
num_leaves=26
num_cat=0
split_feature=1 9 25 1 16 9 1 16 18 9 16 30 0 7 28 1 7 6 28 16 1 0 31 16 0
split_gain=1.97634 3.37843 1.32509 1.29519 1.37311 0.818968 1.01819 2.3044 0.973788 0.75512 0.707163 2.43571 1.9645 2.43991 1.82629 1.16765 1.31193 0.95265 0.776011 1.63313 0.597499 0.499934 0.433963 0.401521 0.213787
threshold=4.4419095516204843 3.1101834774017338 2.1061912775039677 0.6914915442466737 2.9097304344177251 3.2932053804397587 -0.29652871191501612 2.4255692958831792 2.7897313833236699 2.9125130176544194 2.5433518886566167 -1.9631947875022886 -2.5020120143890376 2.6278800964355473 -0.35519573092460627 2.2363841533660893 1.6450234651565554 -0.80781221389770497 -0.95476102828979481 0.099116589874029173 -1.2383539676666258 0.39241071045398718 2.4277619123458867 1.8018060922622683 -0.36295625567436213
decision_type=2 2 2 2 2 2 2 2 2 2 2 2 2 2 2 2 2 2 2 2 2 2 2 2 2
left_child=2 24 10 5 21 6 7 -4 -8 -6 15 -12 14 -14 -13 18 17 -17 19 -1 -20 -5 -7 -23 -2
right_child=1 -3 3 4 9 22 8 -9 -10 -11 11 12 13 -15 -16 16 -18 -19 20 -21 -22 23 -24 -25 -26
leaf_value=-0.00088698251366451817 0.00065012354628799754 0.0041683578241401313 0.00013779295770273179 0.0014835731564469044 0.0035026383245984898 -0.0020168718681130827 0.00020245626581861275 0.0025517219916977607 -0.0016899173087785554 0.0013738949896612721 -0.0035553877239884886 0.0025841378332174653 -0.000248056592702093 -0.0027181131185182979 -0.00038936744178684777 -0.00062335808454653803 0.0025038087979993642 0.00052680082011558797 -0.00042449000828493049 0.0015125270035133902 -6.6449999162668052e-06 0.00059393847125295736 -0.00021946448483504353 -0.00096833224643930963 -0.00060487058218100108
leaf_weight=1950 233 272 1296 275 260 202 877 486 334 372 202 390 3690 394 349 776 260 3819 3126 289 189054 354 294 247 246
leaf_count=1950 233 272 1296 275 260 202 877 486 334 372 202 390 3690 394 349 776 260 3819 3126 289 189054 354 294 247 246
internal_value=2.5171e-08 0.00153114 -5.50525e-06 0.000476909 0.00121002 0.000158768 0.00034618 0.000801435 -0.000324273 0.00227026 -1.73161e-05 -0.000368621 -0.000231607 -0.000489385 0.00118669 -8.44841e-06 0.000450855 0.000332096 -1.99293e-05 -0.000574585 -1.34525e-05 0.000436555 -0.000964296 -5.08182e-05 6.00597e-06
internal_weight=210047 751 209296 4997 1508 3489 2993 1782 1211 632 204299 5025 4823 4084 739 199274 4855 4595 194419 2239 192180 876 496 601 479
internal_count=210047 751 209296 4997 1508 3489 2993 1782 1211 632 204299 5025 4823 4084 739 199274 4855 4595 194419 2239 192180 876 496 601 479
is_linear=0
shrinkage=0.03


Tree=45
num_leaves=30
num_cat=0
split_feature=1 9 25 5 15 28 16 15 6 25 0 24 23 6 1 16 9 6 9 28 34 23 7 29 9 29 29 25 34
split_gain=1.80122 3.14699 1.11728 1.52406 1.14467 0.891651 0.886522 1.71672 1.52772 1.47373 1.30302 1.39453 0.872564 1.08329 0.863874 1.50101 0.867829 0.797275 0.761544 0.643573 0.584538 0.581838 0.5666 0.409637 0.292408 0.28407 0.253268 0.181601 0.167182
threshold=4.4419095516204843 3.1101834774017338 1.2217172980308535 0.93554008007049572 -1.3792247772216795 -0.29834364354610438 2.9097304344177251 -2.0211882591247554 1.3562181591987612 -0.73847338557243336 -0.39393386244773859 -2.0575625896453853 -0.60936829447746266 0.017573300749063495 0.7302691936492921 2.9097304344177251 3.2932053804397587 3.2591618299484257 2.2429589033126835 -1.098111033439636 -0.65957918763160694 -3.247793316841125 -0.40637713670730585 -0.13593252003192899 1.5427548289299013 0.222721703350544 -0.72974386811256398 2.600907683372498 -0.46150656044483179
decision_type=2 2 2 2 2 2 2 2 2 2 2 2 2 2 2 2 2 2 2 2 2 2 2 2 2 2 2 2 2
left_child=2 25 6 4 -4 23 12 10 9 -9 11 -8 13 21 16 -16 -6 26 -15 20 -14 -1 -21 28 -19 -2 -7 -25 -5
right_child=1 -3 3 5 14 17 7 8 -10 -11 -12 -13 19 18 15 -17 -18 24 -20 22 -22 -23 -24 27 -26 -27 -28 -29 -30
leaf_value=0.0013015769547956592 0.00077440034017377105 0.0038588439027318791 0.0025984612988106432 -0.00098606316338383827 0.00030467819586575218 -0.0011253648875182709 -0.0025172396384422189 0.0015760684734963143 -0.0017192457659345195 -0.00050596721643619456 -0.0029533802752713346 8.0507108078512289e-06 -0.002210291978538551 0.00041158264007431182 0.00043675253580546314 0.0021344654067462008 -0.00089369811376855063 -0.0025053607214255993 0.001622650171085962 6.0929529241971718e-05 -0.00043887024088958725 4.6489046085845591e-05 -8.1840953729412789e-05 0.00028184372106725483 -0.00097512559203009701 -0.00065658049841284857 -0.00021726949030536645 0.0011624292336753325 -8.4624888584766824e-05
leaf_weight=330 216 294 204 288 9807 320 281 647 318 573 339 631 204 2652 1899 619 571 219 564 32641 868 43450 107066 1911 247 282 1878 233 506
leaf_count=330 216 294 204 288 9807 320 281 647 318 573 339 631 204 2652 1899 619 571 219 564 32641 868 43450 107066 1911 247 282 1878 233 506
internal_value=2.49386e-06 0.00142597 -2.92745e-06 0.000218315 0.000395368 -0.000195699 -2.46454e-05 -0.000555097 0.000116546 0.00060012 -0.001378 -0.00077951 -1.6752e-05 9.51697e-05 0.000359524 0.000857504 0.000238345 -0.000592654 0.000626161 -5.41167e-05 -0.000784666 5.60971e-05 -4.84832e-05 0.000164632 -0.00171323 -3.43859e-05 -0.00035173 0.000380024 -0.000415719
internal_weight=210058 792 209266 18702 13100 5602 190564 2789 1538 1220 1251 912 187775 46996 12896 2518 10378 2664 3216 140779 1072 43780 139707 2938 466 498 2198 2144 794
internal_count=210058 792 209266 18702 13100 5602 190564 2789 1538 1220 1251 912 187775 46996 12896 2518 10378 2664 3216 140779 1072 43780 139707 2938 466 498 2198 2144 794
is_linear=0
shrinkage=0.03


Tree=46
num_leaves=31
num_cat=0
split_feature=1 7 7 4 16 24 2 16 7 1 24 2 2 4 9 4 5 1 1 5 11 27 5 15 11 7 5 1 2 2
split_gain=1.23749 2.83473 1.048 0.854501 1.6324 1.79698 1.63893 1.82342 1.01684 2.67997 1.59294 1.24067 0.895021 1.20243 0.741215 1.04481 0.646403 0.679524 0.529674 0.519338 0.994472 0.477729 0.432647 0.490866 0.432414 0.397297 0.383325 0.358714 0.35103 0.341316
threshold=3.7090348005294804 1.9313451051712038 0.15306758135557177 0.54515358805656444 0.95863041281700145 1.1439041495323183 2.570696353912354 2.2173451185226445 2.6278800964355473 1.4935112595558169 -1.487082779407501 2.9894878864288335 -1.0611855983734129 -0.58233946561813343 0.39568188786506658 1.1106287240982058 1.2329552769660952 -1.0551029443740843 -0.12210868299007414 -0.30301758646965021 -0.40295331180095667 1.0341226458549502 -2.0955632925033565 -0.34653152525424952 -1.9166386127471922 -0.0098196584731340391 0.30642150342464453 -1.3360631465911863 2.4514653682708745 -0.47314396500587458
decision_type=2 2 2 2 2 2 2 2 2 2 2 2 2 2 2 2 2 2 2 2 2 2 2 2 2 2 2 2 2 2
left_child=3 2 19 8 25 14 7 -7 11 12 -11 16 -10 -14 26 -16 17 -1 -8 20 -2 -18 24 -24 -4 27 -6 -5 29 -27
right_child=1 -3 22 4 5 6 18 -9 9 10 -12 -13 13 -15 15 -17 21 -19 -20 -21 -22 -23 23 -25 -26 28 -28 -29 -30 -31
leaf_value=0.00027476142099833151 0.00053304590920083517 0.0032351302669674973 -0.0002106678450299013 -0.0010508620153697661 0.0014309679277744107 0.0010728335802473719 -0.0012556905947406439 0.0033588039423023551 -0.0019931607475233691 -0.0047478059687294533 -0.00096833446225070446 0.0018840116093575292 0.00084482531450220662 -0.00076759644232057053 0.00032828562461799561 -0.00061350872649313 -2.1318221516491055e-05 -5.4560783577739694e-05 0.00068066436543663526 0.00012876550772474246 0.0029772455736255163 -0.0007253571522976705 0.00080742941633077023 -0.0010148667539182847 -0.0021278991168419028 -0.00049315926086515637 6.3198884051719986e-05 0.00012986220022833325 -0.0012736296183650055 -1.5291249824918277e-05
leaf_weight=5902 412 329 211 229 605 1213 249 423 217 201 202 294 824 831 3946 1444 1439 124338 250 479 233 2180 334 214 210 1389 265 22829 201 38431
leaf_count=5902 412 329 211 229 605 1213 249 423 217 201 202 294 824 831 3946 1444 1439 124338 250 479 233 2180 334 214 210 1389 265 22829 201 38431
internal_value=-5.11106e-06 0.000668389 0.000258173 -1.2973e-05 7.10523e-05 0.000463921 0.00121444 0.00167232 -5.69945e-05 -0.00068523 -0.00288846 -4.63156e-05 -0.000204492 3.53311e-05 0.000207189 7.56408e-05 -5.06254e-05 -3.96271e-05 -0.000288444 0.000879705 0.0014321 -0.00044583 -0.000463593 9.3061e-05 -0.00118076 1.87338e-05 0.00101709 0.000117911 -3.84142e-05 -3.202e-05
internal_weight=210324 2422 2093 207902 71474 8395 2135 1636 136428 2275 403 134153 1872 1655 6260 5390 133859 130240 499 1124 645 3619 969 548 421 63079 870 23058 40021 39820
internal_count=210324 2422 2093 207902 71474 8395 2135 1636 136428 2275 403 134153 1872 1655 6260 5390 133859 130240 499 1124 645 3619 969 548 421 63079 870 23058 40021 39820
is_linear=0
shrinkage=0.03


Tree=47
num_leaves=29
num_cat=0
split_feature=6 29 5 15 10 28 19 4 28 27 0 2 2 7 23 6 32 28 27 2 4 5 7 4 0 28 12 12
split_gain=1.20945 1.83988 2.15357 1.22387 1.18203 1.15172 1.13616 1.1573 1.06128 0.910396 0.801984 4.62744 1.99755 1.77461 1.09696 0.820153 0.736575 0.728913 0.635735 0.765375 1.36893 0.651895 0.607668 0.534745 0.431059 0.375022 0.200551 0.132834
threshold=2.4816184043884282 -0.40221983194351191 -0.64795958995819081 2.9357217550277714 -0.76239457726478566 0.20520319044589999 -0.7372530698776244 -0.23735101521015164 -0.27786403894424433 2.2654612064361577 -3.1437351703643794 2.9894878864288335 2.9894878864288335 2.6278800964355473 -3.247793316841125 0.044280242174863822 3.0562978982925419 -0.092280369251966463 0.88818269968032848 0.84157210588455211 -0.66266581416130055 1.411615312099457 -0.28810937702655787 0.024713953956961635 -0.35296791791915888 -0.55739268660545338 0.56309905648231517 -0.01633623335510492
decision_type=2 2 2 2 2 2 2 2 2 2 2 2 2 2 2 2 2 2 2 2 2 2 2 2 2 2 2 2
left_child=10 17 4 8 -3 -5 23 -8 16 -10 11 14 18 15 -1 -14 -4 27 19 22 -21 25 -12 -6 -17 -20 -23 -2
right_child=1 2 3 5 6 -7 7 -9 9 -11 12 -13 13 -15 -16 24 -18 -19 21 20 -22 26 -24 -25 -26 -27 -28 -29
leaf_value=0.0011454410832887514 -0.00068690362607318016 0.0037752889696745229 0.001018838260296582 -0.0027407461297142702 0.0011922014500326409 0.00038817527187664223 0.00067659681794083703 0.0037183670384750211 -0.00056171210657991982 0.00075408547246261714 7.5089375995648759e-05 0.0046732537927110821 0.00092899831002755636 -0.003453040111825434 -0.0014116780509738291 -0.0003865654892089017 -0.00083058152755256744 -0.001995790286155878 -0.00031256798607687996 0.0016784682023156671 0.00012837994118417717 -0.0016425880046574443 -5.7356262300702295e-05 -0.00095917737988782093 -0.0022933942188077682 -6.0053197650903242e-05 -0.00042662870601170523 0.0003381807578435326
leaf_weight=245 216 212 2289 215 204 202 214 239 1244 757 45417 213 218 266 377 223 208 342 6924 518 26309 322 99407 202 204 22438 202 230
leaf_count=245 216 212 2289 215 204 202 214 239 1244 757 45417 213 218 266 377 223 208 342 6924 518 26309 322 99407 202 204 22438 202 230
internal_value=-1.57989e-07 0.000394035 0.000573533 0.000307058 0.00178933 -0.00123842 0.00128018 0.00230449 0.000451551 -6.32928e-05 -1.33031e-05 0.000911748 -1.71409e-05 -0.00141492 -0.00040335 -0.000554292 0.00086343 -0.00096453 -1.07876e-05 1.14464e-05 0.000158618 -0.00013847 -1.582e-05 0.000123164 -0.00131356 -0.000119643 -0.0011823 -0.000160384
internal_weight=210057 6774 5986 4915 1071 417 859 453 4498 2001 203283 835 202448 911 622 645 2497 788 201537 171651 26827 29886 144824 406 427 29362 524 446
internal_count=210057 6774 5986 4915 1071 417 859 453 4498 2001 203283 835 202448 911 622 645 2497 788 201537 171651 26827 29886 144824 406 427 29362 524 446
is_linear=0
shrinkage=0.03


Tree=48
num_leaves=31
num_cat=0
split_feature=6 28 27 12 16 25 16 23 23 4 27 9 27 9 12 27 33 28 13 32 2 32 2 10 28 34 28 25 32 10
split_gain=1.13466 1.67172 1.43318 1.50081 1.21212 3.16932 1.79104 1.83911 0.95604 0.876491 1.19509 0.796542 0.738562 0.811727 1.07025 0.7295 0.727883 2.16943 0.974959 0.965273 0.677255 0.633643 0.580839 0.722874 0.591331 0.554764 0.549145 0.568544 0.519338 0.51546
threshold=2.4816184043884282 -0.27216194570064539 2.6615564823150639 0.16584737598896029 2.9097304344177251 3.4115585088729863 3.5899791717529301 1.8039879798889162 2.6558421850204472 0.82067885994911205 0.9499260187149049 2.0789757966995244 0.93390658497810375 3.6631493568420415 0.025321787223219875 -2.2778334617614742 3.4160044193267827 0.70536628365516674 -3.4621865749359126 2.4151908159255986 0.84157210588455211 3.0562978982925419 2.0319621562957768 -0.47557675838470453 -0.50363606214523304 -1.0020651221275327 -0.8904743194580077 -0.075217977166175828 -0.32524487376213068 1.8797593116760256
decision_type=2 2 2 2 2 2 2 2 2 2 2 2 2 2 2 2 2 2 2 2 2 2 2 2 2 2 2 2 2 2
left_child=12 4 9 -4 8 6 7 -6 11 21 -11 28 13 16 -15 -16 18 -18 19 -1 -20 -3 26 -24 -25 -26 -14 29 -2 -28
right_child=1 2 3 -5 5 -7 -8 -9 -10 10 -12 -13 22 14 15 -17 17 -19 20 -21 -22 -23 23 24 25 -27 27 -29 -30 -31
leaf_value=-0.002472090303715156 -0.00048688421073422145 -0.00043997061997848639 0.0023873699251049209 -0.00022416328324345038 0.0019561289979796179 -0.00092850929207754195 0.0010041440177098449 0.0060191876231257529 -0.001323140287724275 0.0024318454285884006 -0.00068380794960460863 -0.00065576249220675859 -0.0011019095716803147 -0.00049995433567736258 0.00308940846856373 0.00074340764553035928 -0.003105133589569774 0.0010577480679743788 -1.0097323705619669e-05 -0.0001509424438337227 0.00015221091952039191 -0.0017947348896514622 0.00053338022465191661 -0.0023043631196404905 -0.0019513517880928701 -0.00018387882769659388 -0.00043619665474786717 -2.8669583678912761e-05 0.0010921424207459029 0.0007875528958063299
leaf_weight=276 208 1803 375 412 202 286 299 209 233 205 231 338 501 275 220 263 240 205 146636 380 27467 372 300 278 220 556 5432 20120 1684 324
leaf_count=276 208 1803 375 412 202 286 299 209 233 205 231 338 501 275 220 263 240 205 146636 380 27467 372 300 278 220 556 5432 20120 1684 324
internal_value=2.39959e-06 0.000381832 -9.08165e-05 0.00102743 0.000845605 0.00172636 0.0027948 0.00406977 0.000486665 -0.000429195 0.000792084 0.000678298 -1.03824e-05 1.22967e-05 0.00098868 0.00183268 8.04443e-06 -0.00119696 1.1147e-05 -0.00113884 1.55125e-05 -0.000675267 -0.000154265 -0.000759135 -0.0011278 -0.000694251 -0.000123078 -0.000103917 0.000917724 -0.000366689
internal_weight=210550 6857 3398 787 3459 996 710 411 2463 2611 436 2230 203693 175962 758 483 175204 445 174759 656 174103 2175 27731 1354 1054 776 26377 25876 1892 5756
internal_count=210550 6857 3398 787 3459 996 710 411 2463 2611 436 2230 203693 175962 758 483 175204 445 174759 656 174103 2175 27731 1354 1054 776 26377 25876 1892 5756
is_linear=0
shrinkage=0.03


Tree=49
num_leaves=31
num_cat=0
split_feature=6 5 4 14 24 33 25 0 28 16 16 23 23 5 4 0 33 33 4 1 28 5 18 1 29 33 20 1 1 14
split_gain=1.54766 1.98069 1.00806 1.13249 0.82757 0.8 0.739349 0.84536 0.84102 0.864963 0.851304 0.842191 0.746497 0.761275 1.29183 2.21546 1.51007 1.05959 1.78993 0.759842 0.726254 0.634777 1.13083 0.545315 0.532932 0.517765 0.662009 0.366248 0.657677 0.309349
threshold=3.9919699430465703 -1.247580289840698 0.50858047604560863 3.3274799585342412 1.1912663578987124 2.1292457580566411 1.0558364987373354 -2.2547845840454097 -0.18110031634569165 2.6631938219070439 3.076195597648621 2.448457002639771 -0.57479131221771229 -2.0149227380752559 -0.1329877972602844 -3.1437351703643794 3.6193139553070073 2.6609526872634892 -0.45905083417892451 -1.2581354975700376 -0.8904743194580077 0.034005613997578628 -1.0000000180025095e-35 2.11692225933075 -1.4002766013145445 -0.30012361705303187 0.55972832441329967 -0.33078296482563013 0.50906553864479076 2.623915553092957
decision_type=2 2 2 2 2 2 2 2 2 2 2 2 2 2 2 2 2 2 2 2 2 2 2 2 2 2 2 2 2 2
left_child=6 -2 4 5 29 -4 12 -8 10 24 11 -9 13 14 15 -1 -16 19 -19 -15 25 22 -22 -23 -10 26 -14 -6 -29 -3
right_child=1 2 3 -5 27 -7 7 8 9 -11 -12 -13 20 17 16 -17 -18 18 -20 -21 21 23 -24 -25 -26 -27 -28 28 -30 -31
leaf_value=0.00261557114162863 0.0030829949747328157 -4.2089445854192795e-05 0.0006597450310144538 -0.00055410016371203001 0.00022452294492359833 0.0029853653576187422 0.0019082444175431621 0.00028615555550672137 -0.00095880220546658919 -0.0015477010615198618 0.0020928609907204143 -0.0012071511426084624 -0.00052431945620340012 -0.0010197641206898134 -0.00043537994042469467 -1.3660724620761985e-05 -0.0030586056740363483 -0.00053848465852044877 0.0031354452743894349 0.00012130588072485716 -7.3992228891706023e-05 -2.411481216907188e-05 -0.00048376223733810034 0.00067594319700935146 2.7480609319310862e-05 0.00049010539094706477 -0.0019669399634074593 -0.0024355859598908509 -0.00029411969973269558 0.001220928703124239
leaf_weight=302 281 283 230 207 288 323 240 13241 524 353 224 344 1387 527 4001 4769 203 211 266 41480 26925 95934 7818 1007 7257 315 358 201 350 449
leaf_count=302 281 283 230 207 288 323 240 13241 524 353 224 344 1387 527 4001 4769 203 211 266 41480 26925 95934 7818 1007 7257 315 358 201 350 449
internal_value=1.14888e-06 0.000726148 0.000436041 0.00132911 1.15602e-06 0.00203269 -7.98646e-06 0.000155678 0.000136079 -0.000105875 0.000278586 0.000247912 -2.75616e-05 6.91735e-05 -0.000177 0.000145344 -0.000565531 0.000122932 0.00152156 0.000106871 -6.49993e-05 -5.6243e-05 -0.000166257 -1.68083e-05 -3.95122e-05 -0.000623253 -0.000825058 -0.000640235 -0.00109019 0.000735658
internal_weight=210298 2612 2331 760 1571 553 207686 22183 21943 8134 13809 13585 185503 51759 9275 5071 4204 42484 477 42007 133744 131684 34743 96941 7781 2060 1745 839 551 732
internal_count=210298 2612 2331 760 1571 553 207686 22183 21943 8134 13809 13585 185503 51759 9275 5071 4204 42484 477 42007 133744 131684 34743 96941 7781 2060 1745 839 551 732
is_linear=0
shrinkage=0.03


Tree=50
num_leaves=27
num_cat=0
split_feature=1 33 25 23 16 11 25 1 1 6 1 4 4 2 20 14 14 33 23 4 23 5 28 13 1 32
split_gain=1.53831 3.62426 0.858265 0.985368 0.927398 1.03519 1.45381 3.19403 0.994558 0.981906 0.888471 1.25326 0.868004 0.843291 0.839815 0.812519 0.629126 0.626649 0.867642 0.769585 0.625989 0.624627 0.764683 0.511772 0.201475 0.194995
threshold=4.4419095516204843 3.0204142332077031 2.1061912775039677 -0.068946994841098772 2.5433518886566167 1.0306950211524966 -2.4582875967025752 1.7851342558860781 2.2363841533660893 -0.78545019030570973 0.60362902283668529 1.1378149986267092 0.6500559151172639 1.4893631339073183 -2.6469676494598384 0.089382905513048186 2.4015632867813115 2.2193114757537846 -1.3639165759086607 0.41680821776390081 2.6558421850204472 -0.83413299918174733 -0.1943637207150459 1.5389912128448489 2.9942935705184941 0.96363273262977611
decision_type=2 2 2 2 2 2 2 2 2 2 2 2 2 2 2 2 2 2 2 2 2 2 2 2 2 2
left_child=2 25 4 -4 8 6 7 -6 17 24 11 13 20 -5 -8 -11 -13 19 -19 -1 -12 -7 -23 -14 -10 -2
right_child=1 -3 3 10 5 21 14 -9 9 15 12 16 23 -15 -16 -17 -18 18 -20 -21 -22 22 -24 -25 -26 -27
leaf_value=-6.980822605464315e-05 0.00067501116392814189 0.0043526201920574339 0.0024239511000810235 -0.00013787060764026249 -5.7928084830883297e-05 -7.8495340569326782e-05 -0.0015545404875142378 -0.0033215549522858747 -4.4976184808012261e-05 0.00085365357114499144 0.00082822637961850259 -0.00031740314044007982 0.00096322908877855083 0.00096403027679214459 0.00025141663268066607 -0.00014511176592504486 -0.002594747092181215 0.0011072786273960981 -3.5692152325906252e-05 5.2577738829791592e-05 -0.00087397719030541993 -0.00071675081377864565 -0.0030417203384708485 0.003123663521736699 -0.00097257051148054007 -0.00047215069428566071
leaf_weight=114441 212 240 200 1775 839 212 247 393 420 3058 890 217 200 959 2881 962 218 1058 1365 77589 244 234 285 203 419 341
leaf_count=114441 212 240 200 1775 839 212 247 393 420 3058 890 217 200 959 2881 962 218 1058 1365 77589 244 234 285 203 419 341
internal_value=5.05075e-07 0.00131517 -4.50703e-06 0.000387408 -1.39229e-05 -0.000413552 -0.000237578 -0.00110822 -3.70507e-06 0.000420011 0.000298376 1.09715e-05 0.000888992 0.000249695 0.000106557 0.000614762 -0.00147521 -1.43034e-05 0.000464637 -2.03586e-05 0.000459739 -0.0014544 -0.00201031 0.00207643 -0.000511238 -3.02629e-05
internal_weight=210102 793 209309 4906 204403 5091 4360 1232 199312 4859 4706 3169 1537 2734 3128 4020 435 194453 2423 192030 1134 731 519 403 839 553
internal_count=210102 793 209309 4906 204403 5091 4360 1232 199312 4859 4706 3169 1537 2734 3128 4020 435 194453 2423 192030 1134 731 519 403 839 553
is_linear=0
shrinkage=0.03


Tree=51
num_leaves=21
num_cat=0
split_feature=1 33 25 23 19 6 5 25 27 2 29 1 1 32 5 29 32 5 31 27
split_gain=1.37868 3.56986 0.950816 1.00218 0.854802 0.787269 0.744973 0.882343 0.705948 0.685249 0.668006 0.805272 0.636724 0.664099 0.544262 0.533918 0.31133 0.289416 0.206565 0.121805
threshold=4.4419095516204843 3.239854216575623 2.1061912775039677 -0.042397543787956231 -2.9698997735977168 2.9506320953369145 1.0487871766090395 2.9601556062698369 0.93390658497810375 2.9894878864288335 -0.63137179613113392 -1.2383539676666258 1.3619062900543215 2.4151908159255986 1.1895508170127871 -3.5439479351043697 1.735027611255646 -2.0149227380752559 0.49524538218975073 1.1087797284126284
decision_type=2 2 2 2 2 2 2 2 2 2 2 2 2 2 2 2 2 2 2 2
left_child=2 17 4 -4 12 16 7 -7 10 14 15 -12 13 -1 -10 -6 19 -2 -8 -5
right_child=1 -3 3 5 8 6 18 -9 9 -11 11 -13 -14 -15 -16 -17 -18 -19 -20 -21
leaf_value=-0.0015600637356651117 -0.00085780933848582201 0.0045066112719838224 0.0024520089374382749 0.00025233088687866859 0.00066632615257005237 0.0012771837321185716 -0.001261950035839328 0.00022181325466393294 -8.5752407185252246e-05 -0.0015756308025447652 -0.00051238716379842621 5.0661935454977865e-05 -0.0024446082586020062 0.00053203186068983502 -0.00049131380411152959 -0.00012084085791799132 -0.001213313368037998 0.00051148477873732298 2.3595138432771577e-05 -0.00037187088828860581
leaf_weight=259 209 214 202 548 788 1417 202 1435 24969 295 2320 136680 202 279 3377 35321 258 391 246 568
leaf_count=259 209 214 202 548 788 1417 202 1435 24969 295 2320 136680 202 279 3377 35321 258 391 246 568
internal_value=-2.31114e-07 0.00122824 -5.03652e-06 0.000408766 -1.49133e-05 0.000317936 0.000568915 0.000747486 -1.12041e-05 -0.000149267 1.13812e-05 4.12462e-05 -0.00102925 -0.000480221 -0.000134147 -0.000103573 -0.000284731 3.13666e-05 -0.000563579 -6.56049e-05
internal_weight=210180 814 209366 4876 204490 4674 3300 2852 203750 28641 175109 139000 740 538 28346 36109 1374 600 448 1116
internal_count=210180 814 209366 4876 204490 4674 3300 2852 203750 28641 175109 139000 740 538 28346 36109 1374 600 448 1116
is_linear=0
shrinkage=0.03


Tree=52
num_leaves=21
num_cat=0
split_feature=1 2 4 19 16 2 28 4 5 27 7 11 16 5 6 29 6 9 32 19
split_gain=1.32146 2.30926 0.879325 0.712883 0.879656 0.80962 1.17887 1.57522 1.35967 1.49115 1.20439 0.849609 0.776251 0.686581 0.730485 0.674225 0.55601 0.422281 0.336125 0.16064
threshold=4.4419095516204843 2.3197833299636845 0.11321308091282846 -2.9698997735977168 2.5433518886566167 0.96616512537002575 -0.68750524520874012 -0.083034001290798173 -2.97380518913269 -2.5654367208480831 0.44939152896404272 -2.6019443273544307 2.5433518886566167 1.1733544468879702 1.5309172272682192 1.0000000180025095e-35 -0.42294067144393915 3.2932053804397587 2.1941086053848271 -0.92478725314140309
decision_type=2 2 2 2 2 2 2 2 2 2 2 2 2 2 2 2 2 2 2 2
left_child=3 2 -2 4 18 12 7 -7 11 -10 -9 -8 13 14 -5 -15 19 -18 -1 -14
right_child=1 -3 -4 5 -6 6 8 10 9 -11 -12 -13 16 15 -16 -17 17 -19 -20 -21
leaf_value=-0.00095301666749020232 0.001087978246155612 0.003831145502300301 -0.0013602683045461975 -1.8508975274259514e-05 -0.002137970072287023 0.0017535540754830355 -0.0016986518782425072 -0.00026241687029321387 0.0016694479439767244 0.00020763295646198093 -0.0016842995541153022 -6.5471648339089877e-05 -0.00055549117489983504 -0.00071895730011296659 0.00033063056902174216 -8.225251741209922e-05 -0.0020842388690852955 -0.00052577226665655001 0.00066505658249054508 0.0006307361201333396
leaf_weight=207 363 216 201 163744 308 269 521 2076 638 27223 719 631 201 2413 5572 3933 348 289 249 200
leaf_count=207 363 216 201 163744 308 269 521 2076 638 27223 719 631 201 2413 5572 3933 348 289 249 200
internal_value=3.07407e-06 0.00123165 0.000211179 -1.52848e-06 -0.000913264 1.82972e-06 0.000140475 -0.000418719 0.000199592 0.000241401 -0.000630544 -0.000808238 -2.33423e-05 -1.84966e-05 -7.00976e-06 -0.000324728 -0.000839352 -0.00138678 -7.18333e-05 3.66249e-05
internal_weight=210321 780 564 209541 764 208777 32077 3064 29013 27861 2795 1152 176700 175662 169316 6346 1038 637 456 401
internal_count=210321 780 564 209541 764 208777 32077 3064 29013 27861 2795 1152 176700 175662 169316 6346 1038 637 456 401
is_linear=0
shrinkage=0.03


Tree=53
num_leaves=17
num_cat=0
split_feature=1 33 1 25 33 15 25 0 9 1 6 9 9 28 32 33
split_gain=1.45894 3.62232 0.884965 0.822466 0.887408 1.88702 1.09928 0.843764 0.782722 0.703909 0.691192 0.660858 0.491752 0.437957 0.37299 0.197572
threshold=4.4419095516204843 3.239854216575623 -1.3360631465911863 2.1061912775039677 3.6193139553070073 -2.859154105186462 0.81365621089935314 -1.7176398038864134 3.6631493568420415 -1.0382746458053587 2.9506320953369145 3.2932053804397587 -0.61933898925781239 -0.23849365860223767 1.735027611255646 2.3132984638214116
decision_type=2 2 2 2 2 2 2 2 2 2 2 2 2 2 2 2
left_child=2 15 12 4 8 -6 -7 -5 9 -4 14 -12 -1 -14 -9 -2
right_child=1 -3 3 7 5 6 -8 10 -10 -11 11 -13 13 -15 -16 -17
leaf_value=-0.00016951494411481942 -0.00035915025165173453 0.0046378394021468127 0.00018981431889687281 0.0021494594598173876 -0.0032891170184175516 0.00039286466383507858 -0.0021288586917060722 -2.0948877013087891e-05 0.001425612100290636 -2.6434139761638811e-05 0.00075281299596702278 -0.00029768433074031734 -0.0024769675009769358 -0.00059168123110263208 -0.0012492233655036489 0.00076038436263628853
leaf_weight=369 368 207 14598 226 224 641 200 1185 337 187394 2580 678 249 204 269 224
leaf_count=369 368 207 14598 226 224 641 200 1185 337 187394 2580 678 249 204 269 224
internal_value=-2.62413e-06 0.00127287 -7.52702e-06 -3.63898e-06 -1.2931e-05 -0.000874611 -0.000215869 0.00037872 -8.37384e-06 -1.08015e-05 0.000291602 0.00053408 -0.000986952 -0.00164369 -0.00025169 6.7278e-05
internal_weight=209953 799 209154 208332 203394 1065 841 4938 202329 201992 4712 3258 822 453 1454 592
internal_count=209953 799 209154 208332 203394 1065 841 4938 202329 201992 4712 3258 822 453 1454 592
is_linear=0
shrinkage=0.03


Tree=54
num_leaves=29
num_cat=0
split_feature=1 2 25 5 15 11 20 12 16 28 16 0 18 0 2 16 1 5 5 5 5 14 13 12 2 29 25 29
split_gain=1.11885 2.75281 0.915911 1.17046 0.866065 0.851429 0.752539 0.776959 1.34752 0.736014 0.628585 0.774015 0.765425 0.627229 1.12722 1.06856 0.553772 1.16816 0.731189 0.544384 0.534505 0.444223 0.71848 0.438542 0.299372 0.202322 0.188047 0.114887
threshold=4.4419095516204843 2.3197833299636845 1.2217172980308535 1.0248134136199953 -1.4158403873443601 1.2959459424018862 -2.4409649372100826 2.0054358243942265 2.4255692958831792 -0.38048876821994776 1.8704276680946352 2.1834022998809819 2.404488325119019 -2.852332234382629 2.570696353912354 2.3176079988479619 -0.48838569223880762 -0.93048268556594838 -0.24865372478961942 -0.70460510253906239 0.3338890820741654 1.3562112450599673 1.585304379463196 0.81541055440902721 0.33421544730663305 0.52805024385452282 1.4594072103500368 -0.14920414984226224
decision_type=2 2 2 2 2 2 2 2 2 2 2 2 2 2 2 2 2 2 2 2 2 2 2 2 2 2 2 2
left_child=2 23 5 4 -4 6 7 8 -1 25 11 24 -13 15 -15 -8 18 -18 -6 -12 -21 26 -23 -2 -7 27 -11 -5
right_child=1 -3 3 9 16 10 13 -9 -10 21 19 12 -14 14 -16 -17 17 -19 -20 20 -22 22 -24 -25 -26 -27 -28 -29
leaf_value=-0.00027323871808030082 0.00064112464822357949 0.00394117936675944 0.0022086306087196221 -0.00033739559021257032 -0.0008319235733455178 -0.00047101142772827713 -5.9277141834464748e-05 0.0008756066762390009 -0.0020061562775914449 -0.00047291067807483131 0.0001358707198850836 -0.00011632792536864889 0.0021496473498098505 -5.6768388084009019e-07 -0.00075077167131154196 0.0023834958157941616 0.0018401107501588984 0.0003536764631465853 0.00018854910186505506 -0.0024708377270745261 -0.00057860014761001413 -0.00054551106089456266 -0.002158030169535819 -0.0010830513421055262 -3.4268725740119576e-05 0.0010494556472248351 0.00037286334796951922 0.00022907573404183954
leaf_weight=1423 356 219 210 440 718 4462 406 294 560 615 214 317 227 178115 1816 262 500 8366 5013 305 244 884 344 205 2067 212 378 1164
leaf_count=1423 356 219 210 440 718 4462 406 294 560 615 214 317 227 178115 1816 262 500 8366 5013 305 244 884 344 205 2067 212 378 1164
internal_value=-7.56055e-07 0.00112972 -4.99071e-06 0.000194507 0.000317945 -2.47074e-05 -1.15818e-05 -0.000552961 -0.00076643 -0.000258073 -0.000330829 -0.000242124 0.000840183 -4.74098e-06 -8.15996e-06 0.000909406 0.000289997 0.000438494 6.00869e-05 -0.00114619 -0.00164266 -0.000623769 -0.00100415 7.07635e-06 -0.000332876 0.000189665 -0.000150699 7.3119e-05
internal_weight=210336 780 209556 18844 14807 190712 182876 2277 1983 4037 7836 7073 544 180599 179931 668 14597 8866 5731 763 549 2221 1228 561 6529 1816 993 1604
internal_count=210336 780 209556 18844 14807 190712 182876 2277 1983 4037 7836 7073 544 180599 179931 668 14597 8866 5731 763 549 2221 1228 561 6529 1816 993 1604
is_linear=0
shrinkage=0.03


Tree=55
num_leaves=31
num_cat=0
split_feature=1 7 18 32 2 33 33 25 1 5 1 12 9 11 33 2 32 11 25 28 25 27 1 2 13 27 27 25 8 27
split_gain=0.990324 3.04917 0.735582 0.817482 0.721513 1.39626 0.891989 0.85147 0.852524 0.742739 0.716059 1.2114 1.56395 0.784063 1.52626 0.66872 0.651133 0.639554 0.955805 0.616878 0.679172 0.589845 0.574848 0.828133 0.594211 0.431431 0.399817 0.385569 0.375882 0.37105
threshold=3.7090348005294804 2.4924089908599858 -0.61370536684989918 2.0108132362365727 -1.4440836906433103 1.8837568163871767 -0.30012361705303187 2.1061912775039677 0.6914915442466737 -1.7717330455780027 2.9942935705184941 1.4696406722068789 2.4645539522171025 1.2959459424018862 1.6290933489799502 2.1163514852523808 4.0441770553588876 0.28228563070297247 -0.47493837773799891 -0.74803060293197621 -0.18532530218362805 2.1348031759262089 -0.22408354282379148 2.8313168287277226 1.8368234038352969 -0.56212824583053578 1.6627197265625002 0.60075244307518016 -0.41324368119239802 -1.0719190239906309
decision_type=2 2 2 2 2 2 2 2 2 2 2 2 2 2 2 2 2 2 2 2 2 2 2 2 2 2 2 2 2 2
left_child=4 2 3 28 5 6 19 10 22 -8 13 12 -12 16 -15 26 -6 18 -4 20 -1 -17 23 -9 -24 -21 -10 -11 -2 -5
right_child=1 -3 17 29 7 -7 9 8 15 27 11 -13 -14 14 -16 21 -18 -19 -20 25 -22 -23 24 -25 -26 -27 -28 -29 -30 -31
leaf_value=-0.0023175683187611658 -0.00032404646761850103 0.0039969278102920903 0.00018478567621010974 -0.00042035823124006655 1.5763427822350261e-05 -0.002421278415551841 -0.0010011373596030681 0.00067429342668647117 0.0010763555307253256 0.00031994450976185036 -0.00050661908707240911 0.001324283590159933 -0.003203505227036297 -0.00011121664470331965 -0.0011702051611446594 0.00093679530924820368 0.0013165741240441656 0.00019703139833619299 0.0028831945945339364 0.00019495064366752249 -0.00051676460899497409 0.0029779770256871986 3.3122820934486018e-05 -0.0011427050454881811 -0.0014622893019285829 -0.00037123585333986441 -0.00025818792359970166 0.00132244441449963 0.0010761293973562053 -0.0022428730931436723
leaf_weight=272 358 212 220 201 178355 256 286 1821 466 1058 980 227 237 11436 1367 285 342 660 252 1564 603 236 882 253 323 5325 351 511 325 202
leaf_count=272 358 212 220 201 178355 256 286 1821 466 1058 980 227 237 11436 1367 285 342 660 252 1564 603 236 882 253 323 5325 351 511 325 202
internal_value=1.19981e-06 0.000602687 0.00027 -0.000287236 -5.86064e-06 -0.00025605 -0.000197196 6.65111e-06 0.000409044 0.000393092 -2.98819e-06 -0.00066738 -0.00104277 2.03893e-06 -0.000224699 0.00104573 1.82898e-05 0.000803504 0.00164058 -0.000338392 -0.00108654 0.00188092 0.000148048 0.000450429 -0.000372108 -0.000242647 0.000504925 0.000649608 0.000345195 -0.00135017
internal_weight=209866 2430 2218 1086 207436 9875 9619 197561 4617 1855 192944 1444 1217 191500 12803 1338 178697 1132 472 7764 875 521 3279 2074 1205 6889 817 1569 683 403
internal_count=209866 2430 2218 1086 207436 9875 9619 197561 4617 1855 192944 1444 1217 191500 12803 1338 178697 1132 472 7764 875 521 3279 2074 1205 6889 817 1569 683 403
is_linear=0
shrinkage=0.03


Tree=56
num_leaves=28
num_cat=0
split_feature=1 33 25 2 4 4 33 1 16 4 13 16 1 28 33 16 2 4 27 11 34 13 20 31 28 33 32
split_gain=1.03873 2.52265 0.849871 0.982118 1.85483 1.316 1.77356 0.912989 1.00524 2.7281 0.865211 0.76182 0.724945 1.00244 1.18657 0.928137 0.703081 1.82389 0.68667 0.680834 0.646371 0.496308 0.494511 0.237038 0.203948 0.183916 0.180561
threshold=4.4419095516204843 3.239854216575623 2.1061912775039677 2.570696353912354 -0.38649456202983851 0.21762520074844363 3.6193139553070073 0.58554241061210643 2.9097304344177251 0.64119532704353344 -3.4621865749359126 1.5712928175926211 -0.22408354282379148 -0.30334207415580744 3.239854216575623 2.5433518886566167 0.96616512537002575 -0.81008440256118763 1.5640545487403872 -2.6019443273544307 -0.30644851922988886 1.7629973888397219 1.6708247065544131 0.80860441923141491 -0.32835420966148371 1.688958525657654 0.96363273262977611
decision_type=2 2 2 2 2 2 2 2 2 2 2 2 2 2 2 2 2 2 2 2 2 2 2 2 2 2 2
left_child=2 26 3 10 -5 20 -7 12 18 22 11 -1 13 15 -15 -4 19 -18 24 -12 -6 23 -10 -14 -9 -20 -2
right_child=1 -3 7 4 5 6 -8 8 9 -11 16 -13 21 14 -16 -17 17 -19 25 -21 -22 -23 -24 -25 -26 -27 -28
leaf_value=0.00017386638238651926 0.00078443203577565062 0.0039302200363085099 0.0003176186585437043 -0.0032572318012672389 8.4060198326227719e-05 -0.00037048943401406497 -0.0030566462436224561 0.0016301837878464802 0.0015485264448132231 0.0047091478428053649 0.0011810842863636754 -0.0020410681892540626 -0.00070930339732991625 0.00034692503821490616 -0.0019253668036063847 0.0020964513681425998 0.0022225973484927375 0.00011247661093745517 0.00012081235006917267 -2.6804560953733733e-05 0.0021522149815742307 -0.0014932999654086755 -0.00049462349507402076 0.00033274255733968777 0.00047043433080746225 -0.0011000574907109534 -0.00029965066820379502
leaf_weight=231 209 202 634 207 322 2003 244 282 203 204 416 346 337 821 271 450 369 25931 213 173913 231 327 215 457 271 225 386
leaf_count=231 209 202 634 207 322 2003 244 282 203 204 416 346 337 821 271 450 369 25931 213 173913 231 327 215 457 271 225 386
internal_value=4.03969e-08 0.00107763 -4.09214e-06 -1.34742e-05 -0.000551185 -0.000345682 -0.000668316 0.000385735 0.000969416 0.00190987 -5.42464e-06 -0.00116045 9.91436e-05 0.000418158 -0.000223192 0.0010623 -2.074e-06 0.000142499 0.000372517 -2.38884e-05 0.000959517 -0.00051921 0.000504199 -0.000111207 0.00107115 -0.000511684 8.45084e-05
internal_weight=209920 797 209123 204213 3007 2800 2247 4910 1613 622 201206 577 3297 2176 1092 1084 200629 26300 991 174329 553 1121 418 794 553 438 595
internal_count=209920 797 209123 204213 3007 2800 2247 4910 1613 622 201206 577 3297 2176 1092 1084 200629 26300 991 174329 553 1121 418 794 553 438 595
is_linear=0
shrinkage=0.03


Tree=57
num_leaves=27
num_cat=0
split_feature=1 2 25 6 5 4 4 29 23 27 2 6 4 1 24 25 1 2 5 14 4 15 23 31 1 12
split_gain=1.02345 2.49721 0.817355 0.872479 0.877041 1.08619 0.786926 0.761012 0.686328 0.682834 0.838097 0.670145 0.961034 0.736748 0.659094 0.783778 0.585706 0.505564 0.47429 0.496803 0.230988 0.207428 0.203092 0.413223 0.190322 0.102547
threshold=4.4419095516204843 2.3197833299636845 2.1061912775039677 2.4816184043884282 1.0248134136199953 0.48918119072914129 0.10229167714715005 0.63509443402290355 2.6558421850204472 0.9027288854122163 2.9894878864288335 0.49226438999176031 -0.010347424075007437 -1.0048232674598692 -2.787477850914001 -3.1778806447982784 1.7851342558860781 2.570696353912354 1.411615312099457 -0.36828465759754175 -0.56619626283645619 1.7806720137596133 2.448457002639771 0.43181240558624273 -0.25957772135734553 0.56309905648231517
decision_type=2 2 2 2 2 2 2 2 2 2 2 2 2 2 2 2 2 2 2 2 2 2 2 2 2 2
left_child=2 6 9 20 5 8 -2 -7 -5 11 18 14 13 -13 16 -16 -1 -14 19 -11 -4 24 23 -6 -22 -20
right_child=1 -3 3 4 22 7 -8 -9 -10 10 -12 12 17 -15 15 -17 -18 -19 25 -21 21 -23 -24 -25 -26 -27
leaf_value=-0.00038318642709286199 0.00087372237503562013 0.0037199264972757416 0.00029832302008031146 0.00063040746791518483 -0.00094272760358810623 0.00095363238762447163 -0.0013858664793475538 0.0025534775709385583 -0.00068373320172003538 -0.00034551348437091776 -0.0016869606516850641 0.00094209666506226775 0.00037745681098131257 -0.00019455553835572275 0.0014309526070249838 -6.8189890273085999e-06 -0.002049609136153996 -0.00040397188264244008 -0.0012751843984425131 -4.4816697513051535e-05 0.0001516745785056286 -0.0015290679975689062 -0.0011716687688282943 0.00089501409814365105 -0.0010655870907448322 -0.00045324676012759035
leaf_weight=1065 362 224 265 1675 223 852 218 393 450 6291 308 552 12107 6532 337 152884 227 790 363 23055 261 204 218 208 201 230
leaf_count=1065 362 224 265 1675 223 852 218 393 450 6291 308 552 12107 6532 337 152884 227 790 363 23055 261 204 218 208 201 230
internal_value=2.3442e-06 0.00106733 -1.76453e-06 0.000378961 0.000570563 0.000764899 1.98425e-05 0.00146684 0.000351167 -1.09783e-05 -0.000142557 1.18331e-05 0.0001753 -0.000105383 -9.31077e-06 -3.61011e-06 -0.000682744 0.000329453 -0.000126389 -0.000109326 -0.000446788 -0.00074328 -0.000436676 -5.57429e-05 -0.000383652 -0.000962844
internal_weight=210495 804 209691 4950 4019 3370 580 1245 2125 204741 30247 174494 19981 7084 154513 153221 1292 12897 29939 29346 931 666 649 431 462 593
internal_count=210495 804 209691 4950 4019 3370 580 1245 2125 204741 30247 174494 19981 7084 154513 153221 1292 12897 29939 29346 931 666 649 431 462 593
is_linear=0
shrinkage=0.03


end of trees

feature_importances:
Column_1=145
Column_16=126
Column_5=99
Column_6=99
Column_2=98
Column_28=91
Column_4=84
Column_25=75
Column_33=69
Column_23=67
Column_9=66
Column_29=66
Column_15=61
Column_27=55
Column_7=48
Column_32=47
Column_0=44
Column_11=37
Column_14=35
Column_13=27
Column_12=23
Column_30=23
Column_10=21
Column_20=20
Column_19=18
Column_18=15
Column_31=14
Column_34=14
Column_24=12
Column_8=5
Column_3=4
Column_22=1

parameters:
[boosting: gbdt]
[objective: huber]
[metric: l2,huber]
[tree_learner: serial]
[device_type: cpu]
[data_sample_strategy: bagging]
[data: ]
[valid: ]
[num_iterations: 400]
[learning_rate: 0.03]
[num_leaves: 31]
[num_threads: 4]
[seed: 0]
[deterministic: 0]
[force_col_wise: 0]
[force_row_wise: 0]
[histogram_pool_size: -1]
[max_depth: 6]
[min_data_in_leaf: 200]
[min_sum_hessian_in_leaf: 0.001]
[bagging_fraction: 0.8]
[pos_bagging_fraction: 1]
[neg_bagging_fraction: 1]
[bagging_freq: 1]
[bagging_seed: 7719]
[bagging_by_query: 0]
[feature_fraction: 0.7]
[feature_fraction_bynode: 1]
[feature_fraction_seed: 2437]
[extra_trees: 0]
[extra_seed: 11797]
[early_stopping_round: 0]
[early_stopping_min_delta: 0]
[first_metric_only: 0]
[max_delta_step: 0]
[lambda_l1: 0]
[lambda_l2: 5]
[linear_lambda: 0]
[min_gain_to_split: 0]
[drop_rate: 0.1]
[max_drop: 50]
[skip_drop: 0.5]
[xgboost_dart_mode: 0]
[uniform_drop: 0]
[drop_seed: 21238]
[top_rate: 0.2]
[other_rate: 0.1]
[min_data_per_group: 100]
[max_cat_threshold: 32]
[cat_l2: 10]
[cat_smooth: 10]
[max_cat_to_onehot: 4]
[top_k: 20]
[monotone_constraints: ]
[monotone_constraints_method: basic]
[monotone_penalty: 0]
[feature_contri: ]
[forcedsplits_filename: ]
[refit_decay_rate: 0.9]
[cegb_tradeoff: 1]
[cegb_penalty_split: 0]
[cegb_penalty_feature_lazy: ]
[cegb_penalty_feature_coupled: ]
[path_smooth: 0]
[interaction_constraints: ]
[verbosity: -1]
[saved_feature_importance_type: 0]
[use_quantized_grad: 0]
[num_grad_quant_bins: 4]
[quant_train_renew_leaf: 0]
[stochastic_rounding: 1]
[linear_tree: 0]
[max_bin: 255]
[max_bin_by_feature: ]
[min_data_in_bin: 3]
[bin_construct_sample_cnt: 200000]
[data_random_seed: 38]
[is_enable_sparse: 1]
[enable_bundle: 1]
[use_missing: 1]
[zero_as_missing: 0]
[feature_pre_filter: 1]
[pre_partition: 0]
[two_round: 0]
[header: 0]
[label_column: ]
[weight_column: ]
[group_column: ]
[ignore_column: ]
[categorical_feature: ]
[forcedbins_filename: ]
[precise_float_parser: 0]
[parser_config_file: ]
[objective_seed: 8855]
[num_class: 1]
[is_unbalance: 0]
[scale_pos_weight: 1]
[sigmoid: 1]
[boost_from_average: 1]
[reg_sqrt: 0]
[alpha: 0.9]
[fair_c: 1]
[poisson_max_delta_step: 0.7]
[tweedie_variance_power: 1.5]
[lambdarank_truncation_level: 30]
[lambdarank_norm: 1]
[label_gain: ]
[lambdarank_position_bias_regularization: 0]
[eval_at: ]
[multi_error_top_k: 1]
[auc_mu_weights: ]
[num_machines: 1]
[local_listen_port: 12400]
[time_out: 120]
[machine_list_filename: ]
[machines: ]
[gpu_platform_id: -1]
[gpu_device_id: -1]
[gpu_device_id_list: ]
[gpu_use_dp: 0]
[num_gpu: 1]

end of parameters

pandas_categorical:null
